"course_code","course","module","lesson","lesson_title","duration","duration_seconds","url","video_title","checked_at","provider_status"
"FC-01","CS-101: Fundamentals of C","1","1","The C Compilation Lifecycle","5:53","353","https://www.youtube.com/watch?v=KnvbUiSxvbM","#1: Getting Started with C Programming [2025] | C Programming for Beginners","2026-09-27T06:47:10.419Z","OK"
"FC-01","CS-101: Fundamentals of C","1","2","Anatomy of main() and Program Entry","9:10","550","https://www.youtube.com/watch?v=h4VBpylsjJc","#2: C Variables and Print Output | [2025] C Programming for Beginners","2026-09-27T06:47:10.488Z","OK"
"FC-01","CS-101: Fundamentals of C","1","3","Standard Output & Escape Sequences","9:10","550","https://www.youtube.com/watch?v=h4VBpylsjJc","#2: C Variables and Print Output | [2025] C Programming for Beginners","2026-09-27T06:47:10.488Z","OK"
"FC-01","CS-101: Fundamentals of C","2","4","Primitive Data Types & Memory Footprint","9:47","587","https://www.youtube.com/watch?v=sARaqR0hRI4","#3: Data Types in C Programming | [2025] C Programming for Beginners","2026-09-27T06:47:10.489Z","OK"
"FC-01","CS-101: Fundamentals of C","2","5","Variable Declaration, Initialization & Constants","7:30","450","https://www.youtube.com/watch?v=aIQk1O08zpg","C variables 💰","2026-09-27T06:47:10.491Z","OK"
"FC-01","CS-101: Fundamentals of C","2","6","Format Specifiers","3:15","195","https://www.youtube.com/watch?v=iLZOL-hmr7M","C format specifiers 🔧","2026-09-27T06:47:11.974Z","OK"
"FC-01","CS-101: Fundamentals of C","2","7","Interactive Input with scanf()","6:59","419","https://www.youtube.com/watch?v=17gp5DJEyiw","#4: Get User Input in C Programming","2026-09-27T06:47:12.069Z","OK"
"FC-01","CS-101: Fundamentals of C","3","8","Arithmetic & Modulo Operations","11:53","713","https://www.youtube.com/watch?v=_57FcSBtJNU","#6: C Operators | [2025] C Programming for Beginners","2026-09-27T06:47:12.149Z","OK"
"FC-01","CS-101: Fundamentals of C","3","9","Relational & Logical Decisions","4:06","246","https://www.youtube.com/watch?v=xyQrVEFz9kw","C if statements ✔️","2026-09-27T06:47:12.267Z","OK"
"FC-01","CS-101: Fundamentals of C","3","10","Branching with if, else if, and else","4:14","254","https://www.youtube.com/watch?v=iD05HmGLZXc","If Statement Best Practice | C Programming Tutorial","2026-09-27T06:47:13.061Z","OK"
"FC-01","CS-101: Fundamentals of C","4","11","Counter-Controlled for Loops","3:22","202","https://www.youtube.com/watch?v=b4DPj0XAfSg","C for loops in 3 minutes! 🔁","2026-09-27T06:47:13.117Z","OK"
"FC-01","CS-101: Fundamentals of C","4","12","Condition-Driven while Loops","6:49","409","https://www.youtube.com/watch?v=qUPXsPtWGoY","for and while Loops","2026-09-27T06:47:13.166Z","OK"
"FC-01","CS-101: Fundamentals of C","4","13","Loop Controls (break & continue)","6:49","409","https://www.youtube.com/watch?v=qUPXsPtWGoY","for and while Loops","2026-09-27T06:47:13.166Z","OK"
"FC-01","CS-101: Fundamentals of C","5","14","Function Declarations & Prototypes","4:37","277","https://www.youtube.com/watch?v=vc9A6HdrTz4","C function prototypes 🤖","2026-09-27T06:47:13.336Z","OK"
"FC-01","CS-101: Fundamentals of C","5","15","Pass-by-Value & Parameter Passing","3:53","233","https://www.youtube.com/watch?v=7VM571tSKC0","C arguments 📧","2026-09-27T06:47:14.062Z","OK"
"FC-01","CS-101: Fundamentals of C","5","16","Return Types & Void Functions","9:56","596","https://www.youtube.com/watch?v=7Bq87y7eJEg","Functions in C are easy! 📞","2026-09-27T06:47:14.185Z","OK"
"FC-02","CS-102: Fundamentals of C++ (with Object-Oriented Programming)","1","1","C++ Compilation & iostream","14:00","840","https://www.youtube.com/watch?v=S3nx34WFXjI","C++ tutorial for beginners 👨‍💻","2026-09-27T06:47:14.254Z","OK"
"FC-02","CS-102: Fundamentals of C++ (with Object-Oriented Programming)","1","2","Namespaces & std::cout","7:04","424","https://www.youtube.com/watch?v=18c3MTX0PK0","Welcome to C++","2026-09-27T06:47:14.373Z","OK"
"FC-02","CS-102: Fundamentals of C++ (with Object-Oriented Programming)","1","3","std::cin Stream Input","5:49","349","https://www.youtube.com/watch?v=vkALQRM5NNU","C++ User Input Explained (How Input Handling Works Step by Step)","2026-09-27T06:47:15.109Z","OK"
"FC-02","CS-102: Fundamentals of C++ (with Object-Oriented Programming)","2","4","Types, auto & const","15:20","920","https://www.youtube.com/watch?v=QANQHxx9I8Y","C++ variables & data types (#3) ✖️","2026-09-27T06:47:15.324Z","OK"
"FC-02","CS-102: Fundamentals of C++ (with Object-Oriented Programming)","2","5","std::string & Operations","4:44","284","https://www.youtube.com/watch?v=3rDp0yOACZQ","C++ Programming Language Tutorial | Strings in C++ | GeeksforGeeks","2026-09-27T06:47:15.379Z","OK"
"FC-02","CS-102: Fundamentals of C++ (with Object-Oriented Programming)","2","6","std::vector Dynamic Arrays","10:43","643","https://www.youtube.com/watch?v=jRXFJJN1Va4","Beginner’s Guide to Vectors in C++: Everything You Need to Know","2026-09-27T06:47:15.395Z","OK"
"FC-02","CS-102: Fundamentals of C++ (with Object-Oriented Programming)","3","7","Range-based for Loops","2:56","176","https://www.youtube.com/watch?v=qnEUB25TRaY","C++ 'for each' loop explained 🗂️","2026-09-27T06:47:16.233Z","OK"
"FC-02","CS-102: Fundamentals of C++ (with Object-Oriented Programming)","3","8","C++ References (&ref)","10:12","612","https://www.youtube.com/watch?v=IzoFn3dfsPA","REFERENCES in C++","2026-09-27T06:47:16.420Z","OK"
"FC-02","CS-102: Fundamentals of C++ (with Object-Oriented Programming)","3","9","Function Overloading","17:13","1033","https://www.youtube.com/watch?v=vKTYM-DJDiw","C++ user defined functions (#15) 📬","2026-09-27T06:47:16.444Z","OK"
"FC-02","CS-102: Fundamentals of C++ (with Object-Oriented Programming)","4","10","Classes, Objects & Access","14:00","840","https://www.youtube.com/watch?v=S3nx34WFXjI","C++ tutorial for beginners 👨‍💻","2026-09-27T06:47:14.254Z","OK"
"FC-02","CS-102: Fundamentals of C++ (with Object-Oriented Programming)","4","11","Constructors & Destructors","8:55","535","https://www.youtube.com/watch?v=5z3KEX9AZEQ","C++ CONSTRUCTORS explained easy 👷","2026-09-27T06:47:16.483Z","OK"
"FC-02","CS-102: Fundamentals of C++ (with Object-Oriented Programming)","4","12","Getters, Setters & 'this'","7:24","444","https://www.youtube.com/watch?v=f2IrG1JabSg","C++ Data Hiding, Setters, and Getters","2026-09-27T06:47:17.324Z","OK"
"CS-104","CS-104: Fundamentals of Python","1","1","Python Interpreter & print()","11:48","708","https://www.youtube.com/watch?v=i83VkP0LHPI","Python Print Values & Variables in Python #2","2026-09-27T11:55:33.419Z","OK"
"CS-104","CS-104: Fundamentals of Python","1","1","Python Interpreter & print()","4:20","260","https://www.youtube.com/watch?v=ZkyzkWqhQ-I","PYTHON TUTORIAL: PYTHON SEP AND END","2026-09-27T11:55:33.508Z","OK"
"CS-104","CS-104: Fundamentals of Python","1","2","Dynamic Variables & Types","6:35","395","https://www.youtube.com/watch?v=cQT33yu9pY8","Python Variables - Python Tutorial for Beginners with Examples | Mosh","2026-09-27T06:47:17.476Z","OK"
"CS-104","CS-104: Fundamentals of Python","1","3","User Input with input() & Type Casting","8:42","522","https://www.youtube.com/watch?v=DRBybZ6hsY0","How to Take User Input in Python? #3","2026-09-27T11:55:33.509Z","OK"
"CS-104","CS-104: Fundamentals of Python","2","4","String Slicing & f-Strings","21:11","1271","https://www.youtube.com/watch?v=k9TUPpGqYTo","Python Tutorial for Beginners 2: Strings - Working with Textual Data","2026-09-27T06:47:17.575Z","OK"
"CS-104","CS-104: Fundamentals of Python","2","5","Decision Structures (if, elif, else)","16:28","988","https://www.youtube.com/watch?v=DZwmZ8Usvnk","Python Tutorial for Beginners 6: Conditionals and Booleans - If, Else, and Elif Statements","2026-09-27T06:47:18.533Z","OK"
"CS-104","CS-104: Fundamentals of Python","2","6","Iteration with for & while Loops","10:14","614","https://www.youtube.com/watch?v=6iF8Xb7Z3wQ","Python Tutorial for Beginners 7: Loops and Iterations - For/While Loops","2026-09-27T06:47:18.581Z","OK"
"CS-104","CS-104: Fundamentals of Python","3","7","Lists & List Comprehensions","10:19","619","https://www.youtube.com/watch?v=YlY2g2xrl6Q","Learn Python LIST COMPREHENSIONS in 10 minutes! 📃","2026-09-27T11:55:33.510Z","OK"
"CS-104","CS-104: Fundamentals of Python","3","8","Tuples & Sets","6:40","400","https://www.youtube.com/watch?v=Mf7eFtbVxFM","#6 Python Tutorial for Beginners | Tuple | Set in Python","2026-09-27T11:55:35.261Z","OK"
"CS-104","CS-104: Fundamentals of Python","3","9","Dictionaries & Key-Value Lookups","9:59","599","https://www.youtube.com/watch?v=daefaLgNkw0","Python Tutorial for Beginners 5: Dictionaries - Working with Key-Value Pairs","2026-09-27T06:47:18.675Z","OK"
"CS-104","CS-104: Fundamentals of Python","4","10","Defining Functions & Default Arguments","21:47","1307","https://www.youtube.com/watch?v=9Os0o3wzS_I","Python Tutorial for Beginners 8: Functions","2026-09-27T06:47:19.658Z","OK"
"CS-104","CS-104: Fundamentals of Python","4","11","*args, **kwargs & Variable Arguments","14:54","894","https://www.youtube.com/watch?v=Vh__2V2tXUM","Python *ARGS & **KWARGS are awesome! 📦","2026-09-27T06:47:19.736Z","OK"
"CS-104","CS-104: Fundamentals of Python","4","12","Lambda Expressions & Scope (LEGB)","6:07","367","https://www.youtube.com/watch?v=25ovCm9jKfA","Lambda Expressions & Anonymous Functions ||  Python Tutorial  ||  Learn Python Programming","2026-09-27T06:47:19.821Z","OK"
"CS-104","CS-104: Fundamentals of Python","5","13","Classes, Objects & __init__","15:24","924","https://www.youtube.com/watch?v=ZDa-Z5JzLYM","Python OOP Tutorial 1: Classes and Instances","2026-09-27T06:47:19.893Z","OK"
"CS-104","CS-104: Fundamentals of Python","5","14","Inheritance & Polymorphism","19:40","1180","https://www.youtube.com/watch?v=RSl87lqOXDE","Python OOP Tutorial 4: Inheritance - Creating Subclasses","2026-09-27T06:47:20.778Z","OK"
"CS-104","CS-104: Fundamentals of Python","5","15","File Handling with 'with' & Exceptions","24:33","1473","https://www.youtube.com/watch?v=Uh2ebFW8OYM","Python Tutorial: File Objects - Reading and Writing to Files","2026-09-27T06:47:20.968Z","OK"
"CS-105","CS-105: Fundamentals of JavaScript","1","1","JS Runtime Engine & console.log()","7:39","459","https://www.youtube.com/watch?v=yunwtshh7lA","The JavaScript Console Explained for Absolute Beginners","2026-09-27T11:55:35.292Z","OK"
"CS-105","CS-105: Fundamentals of JavaScript","1","2","Variable Scoping (let, const, var) & Hoisting","8:37","517","https://www.youtube.com/watch?v=9WIJQDvt4Us","Differences Between Var, Let, and Const","2026-09-27T11:55:35.316Z","OK"
"CS-105","CS-105: Fundamentals of JavaScript","1","3","Primitive Data Types & Type Conversion","5:40","340","https://www.youtube.com/watch?v=jLRnuVHwHKk","Learn JavaScript TYPE CONVERSION in 5 minutes! 💱","2026-09-27T06:47:22.044Z","OK"
"CS-105","CS-105: Fundamentals of JavaScript","2","4","Strict Equality (===) vs Loose Equality (==)","3:05","185","https://www.youtube.com/watch?v=kVOmc7NK1M0","== vs === - Beau teaches JavaScript","2026-09-27T06:47:22.124Z","OK"
"CS-105","CS-105: Fundamentals of JavaScript","2","5","Template Literals & String Methods","22:04","1324","https://www.youtube.com/watch?v=J65D347sk2M","String in JavaScript || Different Methods Of String of JavaScript | Template Literals","2026-09-27T11:55:35.339Z","OK"
"CS-105","CS-105: Fundamentals of JavaScript","2","6","Iteration (for...of, for...in, while)","10:52","652","https://www.youtube.com/watch?v=Kn06785pkJg","JavaScript Loops Made Easy","2026-09-27T11:55:36.275Z","OK"
"CS-105","CS-105: Fundamentals of JavaScript","3","7","Modern Array Methods (map, filter, reduce)","8:46","526","https://www.youtube.com/watch?v=G3BS3sh3D8Q","JavaScript Array Map","2026-09-27T06:47:22.183Z","OK"
"CS-105","CS-105: Fundamentals of JavaScript","3","8","Objects, Destructuring & Spread / Rest (...)","3:31","211","https://www.youtube.com/watch?v=UgEaJBz3bjY","JS Destructuring in 100 Seconds","2026-09-27T06:47:22.249Z","OK"
"CS-105","CS-105: Fundamentals of JavaScript","3","9","JSON Serialization & Deep Cloning","12:00","720","https://www.youtube.com/watch?v=iiADhChRriM","Learn JSON in 10 Minutes","2026-09-27T06:47:23.132Z","OK"
"CS-105","CS-105: Fundamentals of JavaScript","4","10","Arrow Functions & the 'this' Keyword","9:32","572","https://www.youtube.com/watch?v=h33Srr5J9nY","JavaScript ES6 Arrow Functions Tutorial","2026-09-27T06:47:23.171Z","OK"
"CS-105","CS-105: Fundamentals of JavaScript","4","11","Closures & Encapsulation (Private State)","6:55","415","https://www.youtube.com/watch?v=3a0I8ICR1Vg","Learn Closures In 7 Minutes","2026-09-27T06:47:23.209Z","OK"
"CS-105","CS-105: Fundamentals of JavaScript","4","12","Higher-Order Functions & Currying","4:48","288","https://www.youtube.com/watch?v=8EW_AZRPxXM","JavaScript HIGHER ORDER FUNCTIONS Simplified","2026-09-27T06:47:23.503Z","OK"
"CS-105","CS-105: Fundamentals of JavaScript","5","13","Event Loop, Callbacks & the Call Stack","12:34","754","https://www.youtube.com/watch?v=eiC58R16hb8","JavaScript Visualized - Event Loop, Web APIs, (Micro)task Queue","2026-09-27T11:55:36.499Z","OK"
"CS-105","CS-105: Fundamentals of JavaScript","5","14","Promises (.then, .catch, .finally)","11:31","691","https://www.youtube.com/watch?v=DHvZLI7Db8E","JavaScript Promises In 10 Minutes","2026-09-27T06:47:24.252Z","OK"
"CS-105","CS-105: Fundamentals of JavaScript","5","15","Modern async / await & the Fetch API","7:31","451","https://www.youtube.com/watch?v=V_Kr9OSfDeU","JavaScript Async Await","2026-09-27T06:47:24.290Z","OK"
"CS-106","CS-106: Fundamentals of HTML & CSS","1","1","HTML Boilerplate & Document Anatomy","7:36","456","https://www.youtube.com/watch?v=X4sClFRMJ00","HTML & CSS for Absolute Beginners: What is HTML?","2026-09-27T06:47:24.597Z","OK"
"CS-106","CS-106: Fundamentals of HTML & CSS","1","2","Text Content Elements (headings, paragraphs, lists)","6:13","373","https://www.youtube.com/watch?v=m61h9YEB1fw","HTML & CSS for Absolute Beginners: HTML Lists (ol and ul)","2026-09-27T06:47:25.215Z","OK"
"CS-106","CS-106: Fundamentals of HTML & CSS","1","3","Links, Images & Attributes","12:36","756","https://www.youtube.com/watch?v=t-G8GgRA5Yw","HTML & CSS for Absolute Beginners: Images","2026-09-27T06:47:25.251Z","OK"
"CS-106","CS-106: Fundamentals of HTML & CSS","2","4","Semantic Layout Elements","9:32","572","https://www.youtube.com/watch?v=YOsMJQfwqow","HTML & CSS for Absolute Beginners: Semantic HTML","2026-09-27T06:47:25.326Z","OK"
"CS-106","CS-106: Fundamentals of HTML & CSS","2","5","Tables & Structured Data","12:32","752","https://www.youtube.com/watch?v=phkB7Aj3Klw","How to Organize HTML Tables with Caption, Thead, Tbody, and Tfoot","2026-09-27T06:47:25.786Z","OK"
"CS-106","CS-106: Fundamentals of HTML & CSS","2","6","Forms & Input Controls","24:55","1495","https://www.youtube.com/watch?v=fNcJuPIZ2WE","Learn HTML Forms In 25 Minutes","2026-09-27T06:47:26.171Z","OK"
"CS-106","CS-106: Fundamentals of HTML & CSS","3","7","Applying CSS & Selectors","0:55","55","https://www.youtube.com/watch?v=QhMTPAbea_k","HTML & CSS for Absolute Beginners: Intro to CSS","2026-09-27T06:47:26.202Z","OK"
"CS-106","CS-106: Fundamentals of HTML & CSS","3","8","Colours, Units & Typography","16:11","971","https://www.youtube.com/watch?v=dHbYcAncAgQ","px vs rem: what to use for font-size in your CSS","2026-09-27T06:47:26.405Z","OK"
"CS-106","CS-106: Fundamentals of HTML & CSS","3","9","The Box Model","9:25","565","https://www.youtube.com/watch?v=D_akuQHIPtg","HTML & CSS for Absolute Beginners: The box model - width, height, inline-size, block-size","2026-09-27T06:47:27.295Z","OK"
"CS-106","CS-106: Fundamentals of HTML & CSS","4","10","Display & Positioning","9:26","566","https://www.youtube.com/watch?v=jx5jmI0UlXU","Learn CSS Position In 9 Minutes","2026-09-27T11:55:36.610Z","OK"
"CS-106","CS-106: Fundamentals of HTML & CSS","4","11","Flexbox Layout","15:12","912","https://www.youtube.com/watch?v=fYq5PXgSsbE","Learn Flexbox in 15 Minutes","2026-09-27T11:55:36.832Z","OK"
"CS-106","CS-106: Fundamentals of HTML & CSS","4","12","CSS Grid Layout","9:39","579","https://www.youtube.com/watch?v=8QSqwbSztnA","Get started with grid WITHOUT being overwhelmed","2026-09-27T06:47:27.602Z","OK"
"CS-106","CS-106: Fundamentals of HTML & CSS","5","13","Responsive Design & Media Queries","7:21","441","https://www.youtube.com/watch?v=QGb-W-c-gIM","HTML & CSS for Absolute Beginners: Media Query basics - making a layout responsive","2026-09-27T06:47:28.239Z","OK"
"CS-106","CS-106: Fundamentals of HTML & CSS","5","14","Transitions, Transforms & Animations","20:13","1213","https://www.youtube.com/watch?v=y8-F5-2EIcg","10 CSS animation tips and tricks","2026-09-27T06:47:28.447Z","OK"
"CS-106","CS-106: Fundamentals of HTML & CSS","5","15","Building a Complete Responsive Landing Page","22:37","1357","https://www.youtube.com/watch?v=hVdTQWASliE","Easy Fullscreen Landing Page With HTML & CSS","2026-09-27T11:55:37.383Z","OK"
"CS1-ADV","Advanced C Programming","1","1","Pointers & Dereferencing","8:07","487","https://www.youtube.com/watch?v=Hi-Ul47t3nQ","Pointers are easy! 👈","2026-09-27T06:47:28.920Z","OK"
"CS1-ADV","Advanced C Programming","1","2","Pointer Arithmetic","8:42","522","https://www.youtube.com/watch?v=ASVB8KAFypk","Pointers and arrays","2026-09-27T06:47:29.419Z","OK"
"CS1-ADV","Advanced C Programming","1","3","Double Pointers (**ptr)","9:21","561","https://www.youtube.com/watch?v=d3kd5KbGB48","Pointers to Pointers in C/C++","2026-09-27T06:47:29.631Z","OK"
"CS1-ADV","Advanced C Programming","2","4","malloc() & calloc()","9:31","571","https://www.youtube.com/watch?v=n_Se6bt8jM0","Malloc in C is easy! 🏢","2026-09-27T06:47:30.071Z","OK"
"CS1-ADV","Advanced C Programming","2","5","Buffer Resizing (realloc)","3:59","239","https://www.youtube.com/watch?v=eo9vm5n6DBo","Dynamic Memory Allocation in C | malloc, calloc, realloc, free Explained with Example | CODE WITH ME","2026-09-27T06:47:30.158Z","OK"
"CS1-ADV","Advanced C Programming","2","6","Memory Leaks & free()","7:00","420","https://www.youtube.com/watch?v=1KVpi0VN82E","Learn C memory addresses in 7 minutes 📬","2026-09-27T06:47:30.454Z","OK"
"CS1-ADV","Advanced C Programming","3","7","struct & typedef","3:32","212","https://www.youtube.com/watch?v=CI9dRTvzgqE","C typedef 📛","2026-09-27T06:47:31.124Z","OK"
"CS1-ADV","Advanced C Programming","3","8","Linked Lists","4:28","268","https://www.youtube.com/watch?v=1fi2CPGcdA8","Structs and Pointers to Structs in C -- Engineer Man","2026-09-27T06:47:31.251Z","OK"
"CS1-ADV","Advanced C Programming","3","9","Bitwise Operations & Masks","2:57","177","https://www.youtube.com/watch?v=tGpBOeBtr7w","How to turn off a particular bit in a number? | GeeksforGeeks","2026-09-27T06:47:31.639Z","OK"
"CS1-ADV","Advanced C Programming","4","10","Stream File I/O","4:19","259","https://www.youtube.com/watch?v=UqB4EgUxapM","C writing files✍️","2026-09-27T06:47:31.921Z","OK"
"CS1-ADV","Advanced C Programming","4","11","Binary Block I/O","6:54","414","https://www.youtube.com/watch?v=vESy0Up66RU","C Programming:File Handling (fread fwrite block read write) Lab 3","2026-09-27T06:47:32.194Z","OK"
"CS1-ADV","Advanced C Programming","4","12","Function Pointers & Callbacks","6:07","367","https://www.youtube.com/watch?v=BRsv3ZXoHto","Function Pointers in C","2026-09-27T06:47:32.567Z","OK"
"CPP2-ADV","Advanced C++ Programming","1","1","Inheritance & protected","11:05","665","https://www.youtube.com/watch?v=5HYIFFuGcvk","What is INHERITANCE in C++? 👨‍👧‍👧","2026-09-27T06:47:32.837Z","OK"
"CPP2-ADV","Advanced C++ Programming","1","2","Virtual Functions & vtables","8:38","518","https://www.youtube.com/watch?v=FA5bvYW4iUc","C++ Pure Virtual Functions, Abstract Classes | Cpp Video Tutorial","2026-09-27T06:47:32.970Z","OK"
"CPP2-ADV","Advanced C++ Programming","1","3","Abstract Classes & Interfaces","6:54","414","https://www.youtube.com/watch?v=UWAdd13EfM8","Interfaces in C++ (Pure Virtual Functions)","2026-09-27T06:47:33.281Z","OK"
"CPP2-ADV","Advanced C++ Programming","2","4","Operator Overloading (+, ==, <<)","12:43","763","https://www.youtube.com/watch?v=mS9755gF66w","OPERATORS and OPERATOR OVERLOADING in C++","2026-09-27T06:47:33.462Z","OK"
"CPP2-ADV","Advanced C++ Programming","2","5","Deep vs Shallow Copy","13:34","814","https://www.youtube.com/watch?v=G_UgbP8clOs","Deep Copy in C++","2026-09-27T06:47:33.710Z","OK"
"CPP2-ADV","Advanced C++ Programming","2","6","Rule of Three / Five","24:42","1482","https://www.youtube.com/watch?v=2U1eHurVnXE","Classes part 10 - Rule of Five - Have fun reducing memory allocations! | Modern Cpp Series Ep. 46","2026-09-27T11:55:37.699Z","OK"
"CPP2-ADV","Advanced C++ Programming","3","7","Function Templates","17:58","1078","https://www.youtube.com/watch?v=I-hZkUa9mIs","Templates in C++","2026-09-27T06:47:34.257Z","OK"
"CPP2-ADV","Advanced C++ Programming","3","8","Class Templates","11:02","662","https://www.youtube.com/watch?v=PD8MXD3uVOk","C++ Function Templates Tutorial","2026-09-27T06:47:34.513Z","OK"
"CPP2-ADV","Advanced C++ Programming","3","9","STL Algorithms & Lambdas","10:15","615","https://www.youtube.com/watch?v=HyhvU5SJTlQ","Sorting - C++ Tutorial (Part 29)","2026-09-27T06:47:34.744Z","OK"
"CPP2-ADV","Advanced C++ Programming","4","10","std::unique_ptr","11:37","697","https://www.youtube.com/watch?v=UOB7-B2MfwA","SMART POINTERS in C++ (std::unique_ptr, std::shared_ptr, std::weak_ptr)","2026-09-27T06:47:34.910Z","OK"
"CPP2-ADV","Advanced C++ Programming","4","11","std::shared_ptr & Reference Counting","11:37","697","https://www.youtube.com/watch?v=UOB7-B2MfwA","SMART POINTERS in C++ (std::unique_ptr, std::shared_ptr, std::weak_ptr)","2026-09-27T06:47:34.910Z","OK"
"CPP2-ADV","Advanced C++ Programming","4","12","Move Semantics & std::move","5:01","301","https://www.youtube.com/watch?v=zK8A4Ko53HY","C++ 11 Move Semantics: Move Assignment Operator","2026-09-27T06:47:35.248Z","OK"
"PY3-ADV","Advanced Python Programming","1","1","Iterator Protocol (__iter__, __next__)","10:48","648","https://www.youtube.com/watch?v=Dyu08G2l71c","#61 Python Tutorial for Beginners | Iterator","2026-09-27T06:47:35.480Z","OK"
"PY3-ADV","Advanced Python Programming","1","2","Generators & yield Statements","15:32","932","https://www.youtube.com/watch?v=tmeKsb2Fras","Python Generators","2026-09-27T06:47:35.971Z","OK"
"PY3-ADV","Advanced Python Programming","1","3","Built-in Functional Tools (map, filter, reduce, functools)","7:44","464","https://www.youtube.com/watch?v=hUes6y2b--0","Map, Filter, and Reduce Functions  ||  Python Tutorial  ||  Learn Python Programming","2026-09-27T06:47:36.006Z","OK"
"PY3-ADV","Advanced Python Programming","2","4","Closures & Function Factories","11:43","703","https://www.youtube.com/watch?v=swU3c34d2NQ","Programming Terms: Closures - How to Use Them and Why They Are Useful","2026-09-27T06:47:36.300Z","OK"
"PY3-ADV","Advanced Python Programming","2","5","Function Decorators & functools.wraps","21:24","1284","https://www.youtube.com/watch?v=FXUUSfJO_J4","Decorators in Python - Advanced Python 13 - Programming Tutorial","2026-09-27T11:55:37.861Z","OK"
"PY3-ADV","Advanced Python Programming","2","6","Decorators with Arguments & Class Decorators","15:14","914","https://www.youtube.com/watch?v=r7Dtus7N4pI","Python Decorators in 15 Minutes","2026-09-27T06:47:37.236Z","OK"
"PY3-ADV","Advanced Python Programming","3","7","Advanced Dunder Methods (__repr__, __eq__, __getitem__, __call__)","13:50","830","https://www.youtube.com/watch?v=3ohzBxoFHAY","Python OOP Tutorial 5: Special (Magic/Dunder) Methods","2026-09-27T06:47:37.283Z","OK"
"PY3-ADV","Advanced Python Programming","3","8","Property Descriptors & Attribute Interception (__getattr__, __setattr__)","16:46","1006","https://www.youtube.com/watch?v=xWHeK2pTD14","Python Descriptors: Creating a Class and a Descriptor","2026-09-27T06:47:37.297Z","OK"
"PY3-ADV","Advanced Python Programming","3","9","Abstract Base Classes (abc module) & Metaclasses","5:11","311","https://www.youtube.com/watch?v=hEW-IWGluG4","Python abstract base class (ABC) example","2026-09-27T06:47:37.387Z","OK"
"PY3-ADV","Advanced Python Programming","4","10","Custom Context Managers (__enter__, __exit__)","20:37","1237","https://www.youtube.com/watch?v=-aKFBoZpiqA","Python Tutorial: Context Managers - Efficiently Managing Resources","2026-09-27T06:47:38.394Z","OK"
"PY3-ADV","Advanced Python Programming","4","11","contextlib Utilities (@contextmanager)","19:23","1163","https://www.youtube.com/watch?v=QnEB7KpywdI","Tutoriel Python - gestionnaires de contexte","2026-09-27T06:47:38.432Z","OK"
"PY3-ADV","Advanced Python Programming","4","12","Garbage Collection, __slots__ & weakref","5:01","301","https://www.youtube.com/watch?v=dRw3FdQTxqs","Python - Weakref","2026-09-27T06:47:38.450Z","OK"
"PY3-ADV","Advanced Python Programming","5","13","Threading vs Multiprocessing & the GIL","6:44","404","https://www.youtube.com/watch?v=ecKWiaHCEKs","Threading vs Multiprocessing in Python","2026-09-27T06:47:38.561Z","OK"
"PY3-ADV","Advanced Python Programming","5","14","Thread Synchronization with Lock & Queue","14:02","842","https://www.youtube.com/watch?v=OE5FrlYe_rI","Introduction to Thread Locks in Python - Part#1","2026-09-27T06:47:39.535Z","OK"
"PY3-ADV","Advanced Python Programming","5","15","Asynchronous Programming with AsyncIO (async / await)","14:01","841","https://www.youtube.com/watch?v=0GVLtTnebNA","Learn Python's AsyncIO in 15 minutes","2026-09-27T11:55:37.959Z","OK"
"JS4-ADV","Advanced JavaScript Programming","1","1","Prototypal Inheritance & the Prototype Chain","15:28","928","https://www.youtube.com/watch?v=1UTqFAjYx1k","JavaScript Prototypal inheritance - Tutorial","2026-09-27T06:47:39.600Z","OK"
"JS4-ADV","Advanced JavaScript Programming","1","2","Function Constructors vs ES6 Classes & #private Fields","7:59","479","https://www.youtube.com/watch?v=sFDVXcqMlK8","ES6 Classes in JavaScript | JavaScript Classes Private Variables | JavaScript Tutorial","2026-09-27T11:55:38.295Z","OK"
"JS4-ADV","Advanced JavaScript Programming","1","3","Property Descriptors (Object.defineProperty, freeze, seal)","4:50","290","https://www.youtube.com/watch?v=ZqL7q8KUw9I","How to protect JavaScript Objects with Object.seal() - JavaScript Tutorial","2026-09-27T06:47:40.798Z","OK"
"JS4-ADV","Advanced JavaScript Programming","2","4","Proxy Traps (get, set, deleteProperty)","12:58","778","https://www.youtube.com/watch?v=hI4AyjNnUzQ","How to use Proxy Objects - JavaScript Tutorial","2026-09-27T06:47:40.817Z","OK"
"JS4-ADV","Advanced JavaScript Programming","2","5","Reflect API & Transparent Forwarding","8:25","505","https://www.youtube.com/watch?v=X7qXJRU6qyM","JavaScript ES6 Reflect Object","2026-09-27T06:47:40.858Z","OK"
"JS4-ADV","Advanced JavaScript Programming","2","6","Well-Known Symbols (Symbol.iterator, Symbol.toPrimitive)","12:18","738","https://www.youtube.com/watch?v=4J5hnOCj69w","The Complete Guide to JS Symbols ES6","2026-09-27T06:47:40.890Z","OK"
"JS4-ADV","Advanced JavaScript Programming","3","7","Microtasks vs Macrotasks (queueMicrotask, MutationObserver)","12:34","754","https://www.youtube.com/watch?v=eiC58R16hb8","JavaScript Visualized - Event Loop, Web APIs, (Micro)task Queue","2026-09-27T11:55:36.499Z","OK"
"JS4-ADV","Advanced JavaScript Programming","3","8","WeakMap & WeakSet (Memory Leak Prevention)","15:54","954","https://www.youtube.com/watch?v=8B514jlvkqE","Weak References, Reachability, WeakSets, and WeakMaps","2026-09-27T06:47:41.914Z","OK"
"JS4-ADV","Advanced JavaScript Programming","3","9","FinalizationRegistry & Garbage Collection Mechanics","5:51","351","https://www.youtube.com/watch?v=3sgIFrjA61U","JavaScript FinalizationRegistry Unraveled: Memory Management Magic Explained!","2026-09-27T06:47:41.949Z","OK"
"JS4-ADV","Advanced JavaScript Programming","4","10","Promise Combinators (all, allSettled, race, any)","11:31","691","https://www.youtube.com/watch?v=DHvZLI7Db8E","JavaScript Promises In 10 Minutes","2026-09-27T06:47:24.252Z","OK"
"JS4-ADV","Advanced JavaScript Programming","4","11","AbortController & Request Cancellation","0:38","38","https://www.youtube.com/watch?v=bLpA9tvABb8","How To Abort A Fetch Request With AbortController In JavaScript","2026-09-27T06:47:41.964Z","OK"
"JS4-ADV","Advanced JavaScript Programming","4","12","Async Generators & for-await-of","10:53","653","https://www.youtube.com/watch?v=J24rb6_5h9o","Welcome to Async Generators in JavaScript","2026-09-28T05:16:41.969Z","OEMBED_AVAILABLE"
"JS4-ADV","Advanced JavaScript Programming","5","13","Custom Event System (CustomEvent & EventTarget)","5:54","354","https://www.youtube.com/watch?v=b469-2H9Rew","Custom Events in Javascript (CustomEvent)","2026-09-27T06:47:42.018Z","OK"
"JS4-ADV","Advanced JavaScript Programming","5","14","Multithreading with Web Workers (postMessage, onmessage)","12:51","771","https://www.youtube.com/watch?v=Gcp7triXFjg","JavaScript Web Workers Explained","2026-09-27T06:47:42.844Z","OK"
"JS4-ADV","Advanced JavaScript Programming","5","15","SharedArrayBuffer & Atomics (Thread Synchronization)","16:25","985","https://www.youtube.com/watch?v=phs5V6qk2xk","Javascript: SharedArrayBuffer, Atomics & Synchronization  #multithreading","2026-09-27T06:47:43.024Z","OK"
"WEB5-ADV","Advanced CSS and Web Development","1","1","Advanced & Combinator Selectors (:is, :where, :has)","14:29","869","https://www.youtube.com/watch?v=OGJvhpoE8b4",":has() opens up new possibilities with CSS","2026-09-27T06:47:43.055Z","OK"
"WEB5-ADV","Advanced CSS and Web Development","1","2","Specificity, Cascade Layers & Custom Properties","17:44","1064","https://www.youtube.com/watch?v=NDNRGW-_1EE","No more specificity issues?! (or all new ones 🤔) - A look at CSS Cascade Layers","2026-09-27T06:47:43.096Z","OK"
"WEB5-ADV","Advanced CSS and Web Development","1","3","CSS Architecture Methodologies (BEM & Utility-First)","7:03","423","https://www.youtube.com/watch?v=SLjHSVwXYq4","Why I use the BEM naming convention for my CSS","2026-09-27T06:47:43.803Z","OK"
"WEB5-ADV","Advanced CSS and Web Development","2","4","Advanced Flexbox Patterns","8:42","522","https://www.youtube.com/watch?v=sanswTlz4ZY","Flex grow, shrink, basis | CSS Flexbox tutorial","2026-09-27T06:47:44.019Z","OK"
"WEB5-ADV","Advanced CSS and Web Development","2","5","Advanced CSS Grid (areas, subgrid, auto-fit)","7:06","426","https://www.youtube.com/watch?v=Br0nQZp2Emk","How to use grid-template-areas to build bento grids in CSS","2026-09-27T11:55:38.726Z","OK"
"WEB5-ADV","Advanced CSS and Web Development","2","5","Advanced CSS Grid (areas, subgrid, auto-fit)","6:14","374","https://www.youtube.com/watch?v=3T0gjtXRNC0","Create Responsive CSS Grid Layouts with GRID WRAPPING","2026-09-27T11:55:38.965Z","OK"
"WEB5-ADV","Advanced CSS and Web Development","2","5","Advanced CSS Grid (areas, subgrid, auto-fit)","4:21","261","https://www.youtube.com/watch?v=APxt2mKOsss","Learn CSS Subgrid for Perfect Alignment","2026-09-27T11:55:39.267Z","OK"
"WEB5-ADV","Advanced CSS and Web Development","2","6","Modern Responsive Layout (clamp, container queries)","5:17","317","https://www.youtube.com/watch?v=pYW3O0AxpI8","Stop using so many Media Queries - Use clamp() instead!","2026-09-27T11:55:39.733Z","OK"
"WEB5-ADV","Advanced CSS and Web Development","2","6","Modern Responsive Layout (clamp, container queries)","5:17","317","https://www.youtube.com/watch?v=CHKUFsnABw4","CSS Container Queries in 5 minutes","2026-09-27T11:55:39.904Z","OK"
"WEB5-ADV","Advanced CSS and Web Development","3","7","Advanced Transitions & Keyframe Animations","20:13","1213","https://www.youtube.com/watch?v=y8-F5-2EIcg","10 CSS animation tips and tricks","2026-09-27T06:47:28.447Z","OK"
"WEB5-ADV","Advanced CSS and Web Development","3","8","Transforms, 3D & Perspective","12:43","763","https://www.youtube.com/watch?v=viH8LeLP6_c","3D Transform a Card with CSS","2026-09-27T06:47:44.788Z","OK"
"WEB5-ADV","Advanced CSS and Web Development","3","9","Gradients, Filters & Blend Modes","6:02","362","https://www.youtube.com/watch?v=4kWHW7da4U8","CSS Gradients and repeating gradients","2026-09-27T06:47:45.067Z","OK"
"WEB5-ADV","Advanced CSS and Web Development","4","10","Sass / SCSS (variables, nesting, mixins)","11:32","692","https://www.youtube.com/watch?v=6glgx4EViZQ","Sass - Tutorial for Beginners in 11 MINUTES ! [ COMPLETE ]","2026-09-27T11:55:40.187Z","OK"
"WEB5-ADV","Advanced CSS and Web Development","4","11","Tailwind CSS (Utility-First Framework)","2:21","141","https://www.youtube.com/watch?v=mr15Xzb1Ook","Tailwind in 100 Seconds","2026-09-27T06:47:45.378Z","OK"
"WEB5-ADV","Advanced CSS and Web Development","4","12","Build Tools & CSS Optimization","2:12","132","https://www.youtube.com/watch?v=WhCXiEwdU1A","PostCSS in 100 Seconds","2026-09-27T06:47:46.050Z","OK"
"WEB5-ADV","Advanced CSS and Web Development","5","13","Web Accessibility (a11y)","23:36","1416","https://www.youtube.com/watch?v=VyWRmepESoQ","Web Accessibility Tutorial (A11y) - Keyboard Navigation, Aria Tags, Contrast, Semantics and more!","2026-09-27T11:55:40.815Z","OK"
"WEB5-ADV","Advanced CSS and Web Development","5","14","Performance, SEO & Core Web Vitals","14:46","886","https://www.youtube.com/watch?v=cGiSr0MilsI","Core Web Vitals Explained: LCP, INP & CLS","2026-09-27T06:47:46.195Z","OK"
"WEB5-ADV","Advanced CSS and Web Development","5","15","Version Control & Deployment","1:57","117","https://www.youtube.com/watch?v=hwP7WQkmECE","Git Explained in 100 Seconds","2026-09-27T06:47:46.525Z","OK"
