"course","module","lesson","lesson_title","old_duration","new_title","new_duration","new_url"
"CS-104: Fundamentals of Python","1","1","Python Interpreter & print()","1:00:06","Python Print Values & Variables in Python #2","11:48","https://www.youtube.com/watch?v=i83VkP0LHPI"
"CS-104: Fundamentals of Python","1","1","Python Interpreter & print()","1:00:06","PYTHON TUTORIAL: PYTHON SEP AND END","04:20","https://www.youtube.com/watch?v=ZkyzkWqhQ-I"
"CS-104: Fundamentals of Python","1","3","User Input with input() & Type Casting","1:00:06","How to Take User Input in Python? #3","08:42","https://www.youtube.com/watch?v=DRBybZ6hsY0"
"CS-104: Fundamentals of Python","3","7","Lists & List Comprehensions","29:04","Learn Python LIST COMPREHENSIONS in 10 minutes! 📃","10:19","https://www.youtube.com/watch?v=YlY2g2xrl6Q"
"CS-104: Fundamentals of Python","3","8","Tuples & Sets","29:04","#6 Python Tutorial for Beginners | Tuple | Set in Python","06:40","https://www.youtube.com/watch?v=Mf7eFtbVxFM"
"CS-105: Fundamentals of JavaScript","1","1","JS Runtime Engine & console.log()","48:17","The JavaScript Console Explained for Absolute Beginners","07:39","https://www.youtube.com/watch?v=yunwtshh7lA"
"CS-105: Fundamentals of JavaScript","1","2","Variable Scoping (let, const, var) & Hoisting","8:54:03","Differences Between Var, Let, and Const","08:37","https://www.youtube.com/watch?v=9WIJQDvt4Us"
"CS-105: Fundamentals of JavaScript","2","5","Template Literals & String Methods","8:54:03","String in JavaScript || Different Methods Of String of JavaScript | Template Literals","22:04","https://www.youtube.com/watch?v=J65D347sk2M"
"CS-105: Fundamentals of JavaScript","2","6","Iteration (for...of, for...in, while)","8:54:03","JavaScript Loops Made Easy","10:52","https://www.youtube.com/watch?v=Kn06785pkJg"
"CS-105: Fundamentals of JavaScript","5","13","Event Loop, Callbacks & the Call Stack","26:52","JavaScript Visualized - Event Loop, Web APIs, (Micro)task Queue","12:34","https://www.youtube.com/watch?v=eiC58R16hb8"
"CS-106: Fundamentals of HTML & CSS","4","10","Display & Positioning","28:14","Learn CSS Position In 9 Minutes","09:26","https://www.youtube.com/watch?v=jx5jmI0UlXU"
"CS-106: Fundamentals of HTML & CSS","4","11","Flexbox Layout","34:04","Learn Flexbox in 15 Minutes","15:12","https://www.youtube.com/watch?v=fYq5PXgSsbE"
"CS-106: Fundamentals of HTML & CSS","5","15","Building a Complete Responsive Landing Page","1:15:25","Easy Fullscreen Landing Page With HTML & CSS","22:37","https://www.youtube.com/watch?v=hVdTQWASliE"
"Advanced C++ Programming","2","6","Rule of Three / Five","45:49","Classes part 10 - Rule of Five - Have fun reducing memory allocations! | Modern Cpp Series Ep. 46","24:42","https://www.youtube.com/watch?v=2U1eHurVnXE"
"Advanced Python Programming","2","5","Function Decorators & functools.wraps","30:27","Decorators in Python - Advanced Python 13 - Programming Tutorial","21:24","https://www.youtube.com/watch?v=FXUUSfJO_J4"
"Advanced Python Programming","5","15","Asynchronous Programming with AsyncIO (async / await)","25:57","Learn Python's AsyncIO in 15 minutes","14:01","https://www.youtube.com/watch?v=0GVLtTnebNA"
"Advanced JavaScript Programming","1","2","Function Constructors vs ES6 Classes & #private Fields","1:01:29","ES6 Classes in JavaScript | JavaScript Classes Private Variables | JavaScript Tutorial","07:59","https://www.youtube.com/watch?v=sFDVXcqMlK8"
"Advanced JavaScript Programming","3","7","Microtasks vs Macrotasks (queueMicrotask, MutationObserver)","26:52","JavaScript Visualized - Event Loop, Web APIs, (Micro)task Queue","12:34","https://www.youtube.com/watch?v=eiC58R16hb8"
"Advanced CSS and Web Development","2","5","Advanced CSS Grid (areas, subgrid, auto-fit)","36:22","How to use grid-template-areas to build bento grids in CSS","07:06","https://www.youtube.com/watch?v=Br0nQZp2Emk"
"Advanced CSS and Web Development","2","5","Advanced CSS Grid (areas, subgrid, auto-fit)","36:22","Create Responsive CSS Grid Layouts with GRID WRAPPING","06:14","https://www.youtube.com/watch?v=3T0gjtXRNC0"
"Advanced CSS and Web Development","2","5","Advanced CSS Grid (areas, subgrid, auto-fit)","36:22","Learn CSS Subgrid for Perfect Alignment","04:21","https://www.youtube.com/watch?v=APxt2mKOsss"
"Advanced CSS and Web Development","2","6","Modern Responsive Layout (clamp, container queries)","34:32","Stop using so many Media Queries - Use clamp() instead!","05:17","https://www.youtube.com/watch?v=pYW3O0AxpI8"
"Advanced CSS and Web Development","2","6","Modern Responsive Layout (clamp, container queries)","34:32","CSS Container Queries in 5 minutes","05:17","https://www.youtube.com/watch?v=CHKUFsnABw4"
"Advanced CSS and Web Development","4","10","Sass / SCSS (variables, nesting, mixins)","46:26","Sass - Tutorial for Beginners in 11 MINUTES ! [ COMPLETE ]","11:32","https://www.youtube.com/watch?v=6glgx4EViZQ"
"Advanced CSS and Web Development","5","13","Web Accessibility (a11y)","30:28","Web Accessibility Tutorial (A11y) - Keyboard Navigation, Aria Tags, Contrast, Semantics and more!","23:36","https://www.youtube.com/watch?v=VyWRmepESoQ"
