"course_code","course","track","module","lesson","lesson_title","assignment_id","assignment","required","pass_threshold","language","original_video","current_resource","resource_type","timestamp_seconds","availability","standard_embed","standard_playback","app_playback","resource_title","author","relevance_scope","full_content_coverage","required_next_check","assignment_references"
"FC-01","CS-101: Fundamentals of C","fc01-c-basics","1","1","The C Compilation Lifecycle","1","Airport Gate Terminal Initialization","true","60","c","https://www.youtube.com/watch?v=KnvbUiSxvbM","https://www.youtube.com/watch?v=KnvbUiSxvbM","video","0","AVAILABLE","PLAYER_LOADED","PLAYED","PLAYED","#1: Getting Started with C Programming [2025] | C Programming for Beginners","Programiz","Provider title/topic screened; full explanation/example/assignment coverage UNVERIFIED because no usable transcript was returned. Inspect segment and solve the assignment.","UNVERIFIED","Instructor inspects segment/captions, checks prerequisites and runner, and solves assessment from declared lesson material.","[]"
"FC-01","CS-101: Fundamentals of C","fc01-c-basics","1","2","Anatomy of main() and Program Entry","1","Server Handshake Status","true","60","c","https://www.youtube.com/watch?v=h4VBpylsjJc","https://www.youtube.com/watch?v=h4VBpylsjJc","video","0","AVAILABLE","PLAYER_LOADED","UNVERIFIED","PLAYED","#2: C Variables and Print Output | [2025] C Programming for Beginners","Programiz","Variables/output recording; program-entry anatomy needs inspected coverage.","UNVERIFIED","Instructor inspects segment/captions, checks prerequisites and runner, and solves assessment from declared lesson material.","[]"
"FC-01","CS-101: Fundamentals of C","fc01-c-basics","1","3","Standard Output & Escape Sequences","1","Cafe POS Itemized Receipt","true","60","c","https://www.youtube.com/watch?v=h4VBpylsjJc","https://www.youtube.com/watch?v=h4VBpylsjJc","video","0","AVAILABLE","PLAYER_LOADED","UNVERIFIED","PLAYED","#2: C Variables and Print Output | [2025] C Programming for Beginners","Programiz","Output chapter exists; confirm explicit escape-sequence examples.","UNVERIFIED","Instructor inspects segment/captions, checks prerequisites and runner, and solves assessment from declared lesson material.","[]"
"FC-01","CS-101: Fundamentals of C","fc01-c-basics","2","4","Primitive Data Types & Memory Footprint","1","Patient Intake Triage Card","true","60","c","https://www.youtube.com/watch?v=sARaqR0hRI4","https://www.youtube.com/watch?v=sARaqR0hRI4","video","0","AVAILABLE","PLAYER_LOADED","PLAYED","UNVERIFIED","#3: Data Types in C Programming | [2025] C Programming for Beginners","Programiz","Provider title/topic screened; full explanation/example/assignment coverage UNVERIFIED because no usable transcript was returned. Inspect segment and solve the assignment.","UNVERIFIED","Instructor inspects segment/captions, checks prerequisites and runner, and solves assessment from declared lesson material.","[]"
"FC-01","CS-101: Fundamentals of C","fc01-c-basics","2","5","Variable Declaration, Initialization & Constants","1","Fixed Toll Plaza Billing","true","60","c","https://www.youtube.com/watch?v=aIQk1O08zpg","https://www.youtube.com/watch?v=aIQk1O08zpg","video","0","AVAILABLE","PLAYER_LOADED","PLAYED","UNVERIFIED","C variables 💰","Bro Code","Provider title/topic screened; full explanation/example/assignment coverage UNVERIFIED because no usable transcript was returned. Inspect segment and solve the assignment.","UNVERIFIED","Instructor inspects segment/captions, checks prerequisites and runner, and solves assessment from declared lesson material.","[]"
"FC-01","CS-101: Fundamentals of C","fc01-c-basics","2","6","Format Specifiers","1","Precision Currency Formatter","true","60","c","https://www.youtube.com/watch?v=iLZOL-hmr7M","https://www.youtube.com/watch?v=iLZOL-hmr7M","video","0","AVAILABLE","PLAYER_LOADED","UNVERIFIED","UNVERIFIED","C format specifiers 🔧","Bro Code","Provider title/topic screened; full explanation/example/assignment coverage UNVERIFIED because no usable transcript was returned. Inspect segment and solve the assignment.","UNVERIFIED","Instructor inspects segment/captions, checks prerequisites and runner, and solves assessment from declared lesson material.","[]"
"FC-01","CS-101: Fundamentals of C","fc01-c-basics","2","7","Interactive Input with scanf()","1","ATM Cash Withdrawal Prompt","true","60","c","https://www.youtube.com/watch?v=17gp5DJEyiw","https://www.youtube.com/watch?v=17gp5DJEyiw","video","0","AVAILABLE","PLAYER_LOADED","PLAYED","PLAYED","#4: Get User Input in C Programming","Programiz","Provider title/topic screened; full explanation/example/assignment coverage UNVERIFIED because no usable transcript was returned. Inspect segment and solve the assignment.","UNVERIFIED","Instructor inspects segment/captions, checks prerequisites and runner, and solves assessment from declared lesson material.","[]"
"FC-01","CS-101: Fundamentals of C","fc01-c-basics","3","8","Arithmetic & Modulo Operations","1","Warehouse Cargo Box Packer","true","60","c","https://www.youtube.com/watch?v=_57FcSBtJNU","https://www.youtube.com/watch?v=_57FcSBtJNU","video","0","AVAILABLE","PLAYER_LOADED","PLAYED","PLAYED","#6: C Operators | [2025] C Programming for Beginners","Programiz","Provider title/topic screened; full explanation/example/assignment coverage UNVERIFIED because no usable transcript was returned. Inspect segment and solve the assignment.","UNVERIFIED","Instructor inspects segment/captions, checks prerequisites and runner, and solves assessment from declared lesson material.","[]"
"FC-01","CS-101: Fundamentals of C","fc01-c-basics","3","9","Relational & Logical Decisions","1","Theme Park Ride Safety Gate","true","60","c","https://www.youtube.com/watch?v=xyQrVEFz9kw","https://www.youtube.com/watch?v=xyQrVEFz9kw","video","0","AVAILABLE","PLAYER_LOADED","PLAYED","PLAYED","C if statements ✔️","Bro Code","Provider title/topic screened; full explanation/example/assignment coverage UNVERIFIED because no usable transcript was returned. Inspect segment and solve the assignment.","UNVERIFIED","Instructor inspects segment/captions, checks prerequisites and runner, and solves assessment from declared lesson material.","[]"
"FC-01","CS-101: Fundamentals of C","fc01-c-basics","3","10","Branching with if, else if, and else","1","Smart Thermostat Temperature Alert","true","60","c","https://www.youtube.com/watch?v=iD05HmGLZXc","https://www.youtube.com/watch?v=iD05HmGLZXc","video","0","AVAILABLE","PLAYER_LOADED","PLAYED","PLAYED","If Statement Best Practice | C Programming Tutorial","Portfolio Courses","Provider title/topic screened; full explanation/example/assignment coverage UNVERIFIED because no usable transcript was returned. Inspect segment and solve the assignment.","UNVERIFIED","Instructor inspects segment/captions, checks prerequisites and runner, and solves assessment from declared lesson material.","[]"
"FC-01","CS-101: Fundamentals of C","fc01-c-basics","4","11","Counter-Controlled for Loops","1","Rocket Launch Countdown","true","60","c","https://www.youtube.com/watch?v=b4DPj0XAfSg","https://www.youtube.com/watch?v=b4DPj0XAfSg","video","0","AVAILABLE","PLAYER_LOADED","PLAYED","PLAYED","C for loops in 3 minutes! 🔁","Bro Code","Provider title/topic screened; full explanation/example/assignment coverage UNVERIFIED because no usable transcript was returned. Inspect segment and solve the assignment.","UNVERIFIED","Instructor inspects segment/captions, checks prerequisites and runner, and solves assessment from declared lesson material.","[]"
"FC-01","CS-101: Fundamentals of C","fc01-c-basics","4","12","Condition-Driven while Loops","1","EV Fast-Charging Battery Monitor","true","60","c","https://www.youtube.com/watch?v=qUPXsPtWGoY","https://www.youtube.com/watch?v=qUPXsPtWGoY","video","0","AVAILABLE","PLAYER_LOADED","PLAYED","PLAYED","for and while Loops","Neso Academy","Provider title/topic screened; full explanation/example/assignment coverage UNVERIFIED because no usable transcript was returned. Inspect segment and solve the assignment.","UNVERIFIED","Instructor inspects segment/captions, checks prerequisites and runner, and solves assessment from declared lesson material.","[]"
"FC-01","CS-101: Fundamentals of C","fc01-c-basics","4","13","Loop Controls (break & continue)","1","Inventory Defect Scanner","true","60","c","https://www.youtube.com/watch?v=qUPXsPtWGoY","https://www.youtube.com/watch?v=qUPXsPtWGoY","video","0","AVAILABLE","PLAYER_LOADED","PLAYED","PLAYED","for and while Loops","Neso Academy","Basic loop recording; inspect break/continue coverage needed for defect scanner.","UNVERIFIED","Instructor inspects segment/captions, checks prerequisites and runner, and solves assessment from declared lesson material.","[]"
"FC-01","CS-101: Fundamentals of C","fc01-c-basics","5","14","Function Declarations & Prototypes","1","Temperature Unit Converter Module","true","60","c","https://www.youtube.com/watch?v=vc9A6HdrTz4","https://www.youtube.com/watch?v=vc9A6HdrTz4","video","0","AVAILABLE","PLAYER_LOADED","PLAYED","PLAYED","C function prototypes 🤖","Bro Code","Provider title/topic screened; full explanation/example/assignment coverage UNVERIFIED because no usable transcript was returned. Inspect segment and solve the assignment.","UNVERIFIED","Instructor inspects segment/captions, checks prerequisites and runner, and solves assessment from declared lesson material.","[]"
"FC-01","CS-101: Fundamentals of C","fc01-c-basics","5","15","Pass-by-Value & Parameter Passing","1","Coupon Discount Scope Verification","true","60","c","https://www.youtube.com/watch?v=7VM571tSKC0","https://www.youtube.com/watch?v=7VM571tSKC0","video","0","AVAILABLE","PLAYER_LOADED","PLAYED","PLAYED","C arguments 📧","Bro Code","Provider title/topic screened; full explanation/example/assignment coverage UNVERIFIED because no usable transcript was returned. Inspect segment and solve the assignment.","UNVERIFIED","Instructor inspects segment/captions, checks prerequisites and runner, and solves assessment from declared lesson material.","[]"
"FC-01","CS-101: Fundamentals of C","fc01-c-basics","5","16","Return Types & Void Functions","1","Emergency Siren Dispatcher","true","60","c","https://www.youtube.com/watch?v=7Bq87y7eJEg","https://www.youtube.com/watch?v=7Bq87y7eJEg","video","0","AVAILABLE","PLAYER_LOADED","PLAYED","PLAYED","Functions in C are easy! 📞","Bro Code","Provider title/topic screened; full explanation/example/assignment coverage UNVERIFIED because no usable transcript was returned. Inspect segment and solve the assignment.","UNVERIFIED","Instructor inspects segment/captions, checks prerequisites and runner, and solves assessment from declared lesson material.","[]"
"FC-02","CS-102: Fundamentals of C++ (with Object-Oriented Programming)","fc02-cpp-objects","1","1","C++ Compilation & iostream","1","System Terminal Initializer","true","60","cpp","https://www.youtube.com/watch?v=S3nx34WFXjI","https://www.youtube.com/watch?v=S3nx34WFXjI","video","0","AVAILABLE","PLAYER_LOADED","PLAYED","PLAYED","C++ tutorial for beginners 👨‍💻","Bro Code","Provider title/topic screened; full explanation/example/assignment coverage UNVERIFIED because no usable transcript was returned. Inspect segment and solve the assignment.","UNVERIFIED","Instructor inspects segment/captions, checks prerequisites and runner, and solves assessment from declared lesson material.","[]"
"FC-02","CS-102: Fundamentals of C++ (with Object-Oriented Programming)","fc02-cpp-objects","1","2","Namespaces & std::cout","1","Scoped Banner Generator","true","60","cpp","https://www.youtube.com/watch?v=18c3MTX0PK0","https://www.youtube.com/watch?v=18c3MTX0PK0","video","0","AVAILABLE","PLAYER_LOADED","PLAYED","PLAYED","Welcome to C++","The Cherno","Provider title/topic screened; full explanation/example/assignment coverage UNVERIFIED because no usable transcript was returned. Inspect segment and solve the assignment.","UNVERIFIED","Instructor inspects segment/captions, checks prerequisites and runner, and solves assessment from declared lesson material.","[]"
"FC-02","CS-102: Fundamentals of C++ (with Object-Oriented Programming)","fc02-cpp-objects","1","3","std::cin Stream Input","1","User Verification Scanner","true","60","cpp","https://www.youtube.com/watch?v=vkALQRM5NNU","https://www.youtube.com/watch?v=vkALQRM5NNU","video","0","AVAILABLE","PLAYER_LOADED","PLAYED","PLAYED","C++ User Input Explained (How Input Handling Works Step by Step)","Doji Creates","Provider title/topic screened; full explanation/example/assignment coverage UNVERIFIED because no usable transcript was returned. Inspect segment and solve the assignment.","UNVERIFIED","Instructor inspects segment/captions, checks prerequisites and runner, and solves assessment from declared lesson material.","[]"
"FC-02","CS-102: Fundamentals of C++ (with Object-Oriented Programming)","fc02-cpp-objects","2","4","Types, auto & const","1","Auto-Deduction Tax Calculator","true","60","cpp","https://www.youtube.com/watch?v=QANQHxx9I8Y","https://www.youtube.com/watch?v=QANQHxx9I8Y","video","0","AVAILABLE","PLAYER_LOADED","PLAYED","PLAYED","C++ variables & data types (#3) ✖️","Bro Code","Variables material; auto deduction and const need explicit coverage.","UNVERIFIED","Instructor inspects segment/captions, checks prerequisites and runner, and solves assessment from declared lesson material.","[]"
"FC-02","CS-102: Fundamentals of C++ (with Object-Oriented Programming)","fc02-cpp-objects","2","5","std::string & Operations","1","Full Name Badge Concatenator","true","60","cpp","https://www.youtube.com/watch?v=3rDp0yOACZQ","https://www.youtube.com/watch?v=3rDp0yOACZQ","video","0","AVAILABLE","PLAYER_LOADED","UNVERIFIED","PLAYED","C++ Programming Language Tutorial | Strings in C++ | GeeksforGeeks","GeeksforGeeks","Provider title/topic screened; full explanation/example/assignment coverage UNVERIFIED because no usable transcript was returned. Inspect segment and solve the assignment.","UNVERIFIED","Instructor inspects segment/captions, checks prerequisites and runner, and solves assessment from declared lesson material.","[]"
"FC-02","CS-102: Fundamentals of C++ (with Object-Oriented Programming)","fc02-cpp-objects","2","6","std::vector Dynamic Arrays","1","Real-Time Score Tracker","true","60","cpp","https://www.youtube.com/watch?v=jRXFJJN1Va4","https://www.youtube.com/watch?v=jRXFJJN1Va4","video","0","AVAILABLE","PLAYER_LOADED","PLAYED","PLAYED","Beginner’s Guide to Vectors in C++: Everything You Need to Know","C++ Better Explained","Provider title/topic screened; full explanation/example/assignment coverage UNVERIFIED because no usable transcript was returned. Inspect segment and solve the assignment.","UNVERIFIED","Instructor inspects segment/captions, checks prerequisites and runner, and solves assessment from declared lesson material.","[]"
"FC-02","CS-102: Fundamentals of C++ (with Object-Oriented Programming)","fc02-cpp-objects","3","7","Range-based for Loops","1","Range Loop Sequence Summer","true","60","cpp","https://www.youtube.com/watch?v=qnEUB25TRaY","https://www.youtube.com/watch?v=qnEUB25TRaY","video","0","AVAILABLE","PLAYER_LOADED","PLAYED","PLAYED","C++ 'for each' loop explained 🗂️","Bro Code","Provider title/topic screened; full explanation/example/assignment coverage UNVERIFIED because no usable transcript was returned. Inspect segment and solve the assignment.","UNVERIFIED","Instructor inspects segment/captions, checks prerequisites and runner, and solves assessment from declared lesson material.","[]"
"FC-02","CS-102: Fundamentals of C++ (with Object-Oriented Programming)","fc02-cpp-objects","3","8","C++ References (&ref)","1","In-Place Reference Doubler","true","60","cpp","https://www.youtube.com/watch?v=IzoFn3dfsPA","https://www.youtube.com/watch?v=IzoFn3dfsPA","video","0","AVAILABLE","PLAYER_LOADED","PLAYED","PLAYED","REFERENCES in C++","The Cherno","Provider title/topic screened; full explanation/example/assignment coverage UNVERIFIED because no usable transcript was returned. Inspect segment and solve the assignment.","UNVERIFIED","Instructor inspects segment/captions, checks prerequisites and runner, and solves assessment from declared lesson material.","[]"
"FC-02","CS-102: Fundamentals of C++ (with Object-Oriented Programming)","fc02-cpp-objects","3","9","Function Overloading","1","Overloaded Area Calculator","true","60","cpp","https://www.youtube.com/watch?v=vKTYM-DJDiw","https://www.youtube.com/watch?v=vKTYM-DJDiw","video","0","AVAILABLE","PLAYER_LOADED","PLAYED","PLAYED","C++ user defined functions (#15) 📬","Bro Code","User-defined functions material; verify overloaded signatures and resolution.","UNVERIFIED","Instructor inspects segment/captions, checks prerequisites and runner, and solves assessment from declared lesson material.","[]"
"FC-02","CS-102: Fundamentals of C++ (with Object-Oriented Programming)","fc02-cpp-objects","4","10","Classes, Objects & Access","1","Encapsulated Bank Account","true","60","cpp","https://www.youtube.com/watch?v=S3nx34WFXjI","https://www.youtube.com/watch?v=S3nx34WFXjI","video","0","AVAILABLE","PLAYER_LOADED","PLAYED","PLAYED","C++ tutorial for beginners 👨‍💻","Bro Code","CONFIRMED MISMATCH: introductory installation/first-program chapters do not provide classes/access-control coverage. Verified replacement remains OPEN.","UNVERIFIED","Instructor inspects segment/captions, checks prerequisites and runner, and solves assessment from declared lesson material.","[]"
"FC-02","CS-102: Fundamentals of C++ (with Object-Oriented Programming)","fc02-cpp-objects","4","11","Constructors & Destructors","1","Device Lifecycle Logger","true","60","cpp","https://www.youtube.com/watch?v=5z3KEX9AZEQ","https://www.youtube.com/watch?v=5z3KEX9AZEQ","video","0","AVAILABLE","PLAYER_LOADED","PLAYED","PLAYED","C++ CONSTRUCTORS explained easy 👷","Bro Code","Constructor material; inspect destructor lifecycle coverage for the assignment.","UNVERIFIED","Instructor inspects segment/captions, checks prerequisites and runner, and solves assessment from declared lesson material.","[]"
"FC-02","CS-102: Fundamentals of C++ (with Object-Oriented Programming)","fc02-cpp-objects","4","12","Getters, Setters & 'this'","1","Validated Speed Governor","true","60","cpp","https://www.youtube.com/watch?v=f2IrG1JabSg","https://www.youtube.com/watch?v=f2IrG1JabSg","video","0","AVAILABLE","PLAYER_LOADED","UNVERIFIED","PLAYED","C++ Data Hiding, Setters, and Getters","Kenny Yip Coding","Provider title/topic screened; full explanation/example/assignment coverage UNVERIFIED because no usable transcript was returned. Inspect segment and solve the assignment.","UNVERIFIED","Instructor inspects segment/captions, checks prerequisites and runner, and solves assessment from declared lesson material.","[]"
"CS-104","CS-104: Fundamentals of Python","cs104-python","1","1","Python Interpreter & print()","1","System Diagnostic Banner","true","60","python","https://www.youtube.com/watch?v=kqtD5dpn9C8","https://www.youtube.com/watch?v=kqtD5dpn9C8","video","0","AVAILABLE","PLAYER_LOADED","PLAYED","PLAYED","Python for Beginners - Learn Coding with Python in 1 Hour","Programming with Mosh","Provider title/topic screened; full explanation/example/assignment coverage UNVERIFIED because no usable transcript was returned. Inspect segment and solve the assignment.","UNVERIFIED","Instructor inspects segment/captions, checks prerequisites and runner, and solves assessment from declared lesson material.","[]"
"CS-104","CS-104: Fundamentals of Python","cs104-python","1","2","Dynamic Variables & Types","1","Inventory Price Multiplier","true","60","python","https://www.youtube.com/watch?v=cQT33yu9pY8","https://www.youtube.com/watch?v=cQT33yu9pY8","video","0","AVAILABLE","PLAYER_LOADED","PLAYED","PLAYED","Python Variables - Python Tutorial for Beginners with Examples | Mosh","Programming with Mosh","Provider title/topic screened; full explanation/example/assignment coverage UNVERIFIED because no usable transcript was returned. Inspect segment and solve the assignment.","UNVERIFIED","Instructor inspects segment/captions, checks prerequisites and runner, and solves assessment from declared lesson material.","[]"
"CS-104","CS-104: Fundamentals of Python","cs104-python","1","3","User Input with input() & Type Casting","1","Age Verification Scanner","true","60","python","https://www.youtube.com/watch?v=61a7UkDO50s","https://www.youtube.com/watch?v=kqtD5dpn9C8&t=548s","video","548","AVAILABLE","PLAYER_LOADED","PLAYED","PLAYED","Python for Beginners - Learn Coding with Python in 1 Hour","Programming with Mosh","CORRECTED: advanced Hindi Python replaced with beginner input chapter 9:08 and conversion 10:48.","UNVERIFIED","Instructor inspects segment/captions, checks prerequisites and runner, and solves assessment from declared lesson material.","[]"
"CS-104","CS-104: Fundamentals of Python","cs104-python","2","4","String Slicing & f-Strings","1","Product SKU Code Parser","true","60","python","https://www.youtube.com/watch?v=k9TUPpGqYTo","https://www.youtube.com/watch?v=k9TUPpGqYTo","video","0","AVAILABLE","PLAYER_LOADED","PLAYED","PLAYED","Python Tutorial for Beginners 2: Strings - Working with Textual Data","Corey Schafer","Older string tutorial; verify modern f-string syntax as well as slicing.","UNVERIFIED","Instructor inspects segment/captions, checks prerequisites and runner, and solves assessment from declared lesson material.","[]"
"CS-104","CS-104: Fundamentals of Python","cs104-python","2","5","Decision Structures (if, elif, else)","1","Speed Radar Enforcer","true","60","python","https://www.youtube.com/watch?v=DZwmZ8Usvnk","https://www.youtube.com/watch?v=DZwmZ8Usvnk","video","0","AVAILABLE","PLAYER_LOADED","PLAYED","PLAYED","Python Tutorial for Beginners 6: Conditionals and Booleans - If, Else, and Elif Statements","Corey Schafer","Provider title/topic screened; full explanation/example/assignment coverage UNVERIFIED because no usable transcript was returned. Inspect segment and solve the assignment.","UNVERIFIED","Instructor inspects segment/captions, checks prerequisites and runner, and solves assessment from declared lesson material.","[]"
"CS-104","CS-104: Fundamentals of Python","cs104-python","2","6","Iteration with for & while Loops","1","Even Sequence Accumulator","true","60","python","https://www.youtube.com/watch?v=6iF8Xb7Z3wQ","https://www.youtube.com/watch?v=6iF8Xb7Z3wQ","video","0","AVAILABLE","PLAYER_LOADED","PLAYED","PLAYED","Python Tutorial for Beginners 7: Loops and Iterations - For/While Loops","Corey Schafer","Provider title/topic screened; full explanation/example/assignment coverage UNVERIFIED because no usable transcript was returned. Inspect segment and solve the assignment.","UNVERIFIED","Instructor inspects segment/captions, checks prerequisites and runner, and solves assessment from declared lesson material.","[]"
"CS-104","CS-104: Fundamentals of Python","cs104-python","3","7","Lists & List Comprehensions","1","Squares of Odds Generator","true","60","python","https://www.youtube.com/watch?v=W8KRzm-HUcc","https://www.youtube.com/watch?v=W8KRzm-HUcc","video","0","AVAILABLE","PLAYER_LOADED","PLAYED","PLAYED","Python Tutorial for Beginners 4: Lists, Tuples, and Sets","Corey Schafer","Lists/tuples basics; inspect list-comprehension coverage.","UNVERIFIED","Instructor inspects segment/captions, checks prerequisites and runner, and solves assessment from declared lesson material.","[]"
"CS-104","CS-104: Fundamentals of Python","cs104-python","3","8","Tuples & Sets","1","Duplicate Identifier Filter","true","60","python","https://www.youtube.com/watch?v=W8KRzm-HUcc","https://www.youtube.com/watch?v=W8KRzm-HUcc","video","0","AVAILABLE","PLAYER_LOADED","PLAYED","PLAYED","Python Tutorial for Beginners 4: Lists, Tuples, and Sets","Corey Schafer","Provider title/topic screened; full explanation/example/assignment coverage UNVERIFIED because no usable transcript was returned. Inspect segment and solve the assignment.","UNVERIFIED","Instructor inspects segment/captions, checks prerequisites and runner, and solves assessment from declared lesson material.","[]"
"CS-104","CS-104: Fundamentals of Python","cs104-python","3","9","Dictionaries & Key-Value Lookups","1","Word Frequency Counter","true","60","python","https://www.youtube.com/watch?v=daefaLgNkw0","https://www.youtube.com/watch?v=daefaLgNkw0","video","0","AVAILABLE","PLAYER_LOADED","PLAYED","PLAYED","Python Tutorial for Beginners 5: Dictionaries - Working with Key-Value Pairs","Corey Schafer","Provider title/topic screened; full explanation/example/assignment coverage UNVERIFIED because no usable transcript was returned. Inspect segment and solve the assignment.","UNVERIFIED","Instructor inspects segment/captions, checks prerequisites and runner, and solves assessment from declared lesson material.","[]"
"CS-104","CS-104: Fundamentals of Python","cs104-python","4","10","Defining Functions & Default Arguments","1","Bill Splitter Function","true","60","python","https://www.youtube.com/watch?v=9Os0o3wzS_I","https://www.youtube.com/watch?v=9Os0o3wzS_I","video","0","AVAILABLE","PLAYER_LOADED","PLAYED","PLAYED","Python Tutorial for Beginners 8: Functions","Corey Schafer","Provider title/topic screened; full explanation/example/assignment coverage UNVERIFIED because no usable transcript was returned. Inspect segment and solve the assignment.","UNVERIFIED","Instructor inspects segment/captions, checks prerequisites and runner, and solves assessment from declared lesson material.","[]"
"CS-104","CS-104: Fundamentals of Python","cs104-python","4","11","*args, **kwargs & Variable Arguments","1","Dynamic Math Product Engine","true","60","python","https://www.youtube.com/watch?v=Vh__2V2tXUM","https://www.youtube.com/watch?v=Vh__2V2tXUM","video","0","AVAILABLE","PLAYER_LOADED","PLAYED","PLAYED","Python *ARGS & **KWARGS are awesome! 📦","Bro Code","Provider title/topic screened; full explanation/example/assignment coverage UNVERIFIED because no usable transcript was returned. Inspect segment and solve the assignment.","UNVERIFIED","Instructor inspects segment/captions, checks prerequisites and runner, and solves assessment from declared lesson material.","[]"
"CS-104","CS-104: Fundamentals of Python","cs104-python","4","12","Lambda Expressions & Scope (LEGB)","1","Custom Key Sorter","true","60","python","https://www.youtube.com/watch?v=25ovCm9jKfA","https://www.youtube.com/watch?v=25ovCm9jKfA","video","0","AVAILABLE","PLAYER_LOADED","PLAYED","PLAYED","Lambda Expressions & Anonymous Functions ||  Python Tutorial  ||  Learn Python Programming","Socratica","Lambda material; verify LEGB scope explanation separately.","UNVERIFIED","Instructor inspects segment/captions, checks prerequisites and runner, and solves assessment from declared lesson material.","[]"
"CS-104","CS-104: Fundamentals of Python","cs104-python","5","13","Classes, Objects & __init__","1","Student Profile Manager","true","60","python","https://www.youtube.com/watch?v=ZDa-Z5JzLYM","https://www.youtube.com/watch?v=ZDa-Z5JzLYM","video","0","AVAILABLE","PLAYER_LOADED","PLAYED","PLAYED","Python OOP Tutorial 1: Classes and Instances","Corey Schafer","Provider title/topic screened; full explanation/example/assignment coverage UNVERIFIED because no usable transcript was returned. Inspect segment and solve the assignment.","UNVERIFIED","Instructor inspects segment/captions, checks prerequisites and runner, and solves assessment from declared lesson material.","[]"
"CS-104","CS-104: Fundamentals of Python","cs104-python","5","14","Inheritance & Polymorphism","1","Employee Hierarchy Manager","true","60","python","https://www.youtube.com/watch?v=RSl87lqOXDE","https://www.youtube.com/watch?v=RSl87lqOXDE","video","0","AVAILABLE","PLAYER_LOADED","PLAYED","PLAYED","Python OOP Tutorial 4: Inheritance - Creating Subclasses","Corey Schafer","Provider title/topic screened; full explanation/example/assignment coverage UNVERIFIED because no usable transcript was returned. Inspect segment and solve the assignment.","UNVERIFIED","Instructor inspects segment/captions, checks prerequisites and runner, and solves assessment from declared lesson material.","[]"
"CS-104","CS-104: Fundamentals of Python","cs104-python","5","15","File Handling with 'with' & Exceptions","1","Safe Log File Writer & Reader","true","60","python","https://www.youtube.com/watch?v=Uh2ebFW8OYM","https://www.youtube.com/watch?v=Uh2ebFW8OYM","video","0","AVAILABLE","PLAYER_LOADED","PLAYED","PLAYED","Python Tutorial: File Objects - Reading and Writing to Files","Corey Schafer","File-object material; verify safe exception handling in addition to with.","UNVERIFIED","Instructor inspects segment/captions, checks prerequisites and runner, and solves assessment from declared lesson material.","[]"
"CS-105","CS-105: Fundamentals of JavaScript","cs105-javascript","1","1","JS Runtime Engine & console.log()","1","System Startup Diagnostic Banner","true","60","web","https://www.youtube.com/watch?v=W6NZfCO5SIk","https://www.youtube.com/watch?v=W6NZfCO5SIk","video","0","AVAILABLE","PLAYER_LOADED","PLAYED","PLAYED","JavaScript Course for Beginners – Your First Step to Web Development","Programming with Mosh","Provider title/topic screened; full explanation/example/assignment coverage UNVERIFIED because no usable transcript was returned. Inspect segment and solve the assignment.","UNVERIFIED","Instructor inspects segment/captions, checks prerequisites and runner, and solves assessment from declared lesson material.","[]"
"CS-105","CS-105: Fundamentals of JavaScript","cs105-javascript","1","2","Variable Scoping (let, const, var) & Hoisting","1","Block-Scoped Tax Calculator","true","60","web","https://www.youtube.com/watch?v=9M4XKi25I2M","https://www.youtube.com/watch?v=9M4XKi25I2M","video","0","AVAILABLE","PLAYER_LOADED","PLAYED","PLAYED","JavaScript Programming All-in-One Tutorial Series (9 HOURS!)","Caleb Curry","Long reused recording: scope chapters at 53:36/59:21 and hoisting 5:29:06. No lesson-specific offset applied; inspect segment before adding.","UNVERIFIED","Instructor inspects segment/captions, checks prerequisites and runner, and solves assessment from declared lesson material.","[]"
"CS-105","CS-105: Fundamentals of JavaScript","cs105-javascript","1","3","Primitive Data Types & Type Conversion","1","Type Inspector & Parser","true","60","web","https://www.youtube.com/watch?v=jLRnuVHwHKk","https://www.youtube.com/watch?v=jLRnuVHwHKk","video","0","AVAILABLE","PLAYER_LOADED","PLAYED","PLAYED","Learn JavaScript TYPE CONVERSION in 5 minutes! 💱","Bro Code","Provider title/topic screened; full explanation/example/assignment coverage UNVERIFIED because no usable transcript was returned. Inspect segment and solve the assignment.","UNVERIFIED","Instructor inspects segment/captions, checks prerequisites and runner, and solves assessment from declared lesson material.","[]"
"CS-105","CS-105: Fundamentals of JavaScript","cs105-javascript","2","4","Strict Equality (===) vs Loose Equality (==)","1","Coercion Sentinel Validator","true","60","web","https://www.youtube.com/watch?v=kVOmc7NK1M0","https://www.youtube.com/watch?v=kVOmc7NK1M0","video","0","AVAILABLE","PLAYER_LOADED","PLAYED","PLAYED","== vs === - Beau teaches JavaScript","freeCodeCamp.org","Provider title/topic screened; full explanation/example/assignment coverage UNVERIFIED because no usable transcript was returned. Inspect segment and solve the assignment.","UNVERIFIED","Instructor inspects segment/captions, checks prerequisites and runner, and solves assessment from declared lesson material.","[]"
"CS-105","CS-105: Fundamentals of JavaScript","cs105-javascript","2","5","Template Literals & String Methods","1","Dynamic URL Query Builder","true","60","web","https://www.youtube.com/watch?v=k9TUPpGqYTo","https://www.youtube.com/watch?v=9M4XKi25I2M&t=6679s","video","6679","AVAILABLE","PLAYER_LOADED","PLAYED","PLAYED","JavaScript Programming All-in-One Tutorial Series (9 HOURS!)","Caleb Curry","CORRECTED: Python strings replaced with JavaScript strings chapter 1:51:19 and methods 1:57:08; MDN template literals supplement.","UNVERIFIED","Instructor inspects segment/captions, checks prerequisites and runner, and solves assessment from declared lesson material.","[[""MDN: JavaScript template literals"",""https://developer.mozilla.org/en-US/docs/Web/JavaScript/Reference/Template_literals""]]"
"CS-105","CS-105: Fundamentals of JavaScript","cs105-javascript","2","6","Iteration (for...of, for...in, while)","1","Array Value Accumulator","true","60","web","https://www.youtube.com/watch?v=6iF8Xb7Z3wQ","https://www.youtube.com/watch?v=9M4XKi25I2M&t=9911s","video","9911","AVAILABLE","PLAYER_LOADED","PLAYED","PLAYED","JavaScript Programming All-in-One Tutorial Series (9 HOURS!)","Caleb Curry","CORRECTED: Python loops replaced with JavaScript loop introduction 2:45:11; MDN specific loop forms supplement.","UNVERIFIED","Instructor inspects segment/captions, checks prerequisites and runner, and solves assessment from declared lesson material.","[[""MDN: JavaScript loops and iteration"",""https://developer.mozilla.org/en-US/docs/Web/JavaScript/Guide/Loops_and_iteration""]]"
"CS-105","CS-105: Fundamentals of JavaScript","cs105-javascript","3","7","Modern Array Methods (map, filter, reduce)","1","Even Square Reducer","true","60","web","https://www.youtube.com/watch?v=G3BS3sh3D8Q","https://www.youtube.com/watch?v=G3BS3sh3D8Q","video","0","AVAILABLE","PLAYER_LOADED","PLAYED","PLAYED","JavaScript Array Map","Programming with Mosh","Map recording; filter and reduce coverage needs inspection.","UNVERIFIED","Instructor inspects segment/captions, checks prerequisites and runner, and solves assessment from declared lesson material.","[]"
"CS-105","CS-105: Fundamentals of JavaScript","cs105-javascript","3","8","Objects, Destructuring & Spread / Rest (...)","1","Object Merge & Destructure","true","60","web","https://www.youtube.com/watch?v=UgEaJBz3bjY","https://www.youtube.com/watch?v=UgEaJBz3bjY","video","0","AVAILABLE","PLAYER_LOADED","PLAYED","PLAYED","JS Destructuring in 100 Seconds","Fireship","Provider title/topic screened; full explanation/example/assignment coverage UNVERIFIED because no usable transcript was returned. Inspect segment and solve the assignment.","UNVERIFIED","Instructor inspects segment/captions, checks prerequisites and runner, and solves assessment from declared lesson material.","[]"
"CS-105","CS-105: Fundamentals of JavaScript","cs105-javascript","3","9","JSON Serialization & Deep Cloning","1","JSON Data Roundtrip","true","60","web","https://www.youtube.com/watch?v=iiADhChRriM","https://www.youtube.com/watch?v=iiADhChRriM","video","0","AVAILABLE","PLAYER_LOADED","PLAYED","PLAYED","Learn JSON in 10 Minutes","Web Dev Simplified","Provider title/topic screened; full explanation/example/assignment coverage UNVERIFIED because no usable transcript was returned. Inspect segment and solve the assignment.","UNVERIFIED","Instructor inspects segment/captions, checks prerequisites and runner, and solves assessment from declared lesson material.","[]"
"CS-105","CS-105: Fundamentals of JavaScript","cs105-javascript","4","10","Arrow Functions & the 'this' Keyword","1","Concise Arrow Multiplier","true","60","web","https://www.youtube.com/watch?v=h33Srr5J9nY","https://www.youtube.com/watch?v=h33Srr5J9nY","video","0","AVAILABLE","PLAYER_LOADED","PLAYED","PLAYED","JavaScript ES6 Arrow Functions Tutorial","Web Dev Simplified","Provider title/topic screened; full explanation/example/assignment coverage UNVERIFIED because no usable transcript was returned. Inspect segment and solve the assignment.","UNVERIFIED","Instructor inspects segment/captions, checks prerequisites and runner, and solves assessment from declared lesson material.","[]"
"CS-105","CS-105: Fundamentals of JavaScript","cs105-javascript","4","11","Closures & Encapsulation (Private State)","1","Private Counter Closure","true","60","web","https://www.youtube.com/watch?v=3a0I8ICR1Vg","https://www.youtube.com/watch?v=3a0I8ICR1Vg","video","0","AVAILABLE","PLAYER_LOADED","PLAYED","PLAYED","Learn Closures In 7 Minutes","Web Dev Simplified","Provider title/topic screened; full explanation/example/assignment coverage UNVERIFIED because no usable transcript was returned. Inspect segment and solve the assignment.","UNVERIFIED","Instructor inspects segment/captions, checks prerequisites and runner, and solves assessment from declared lesson material.","[]"
"CS-105","CS-105: Fundamentals of JavaScript","cs105-javascript","4","12","Higher-Order Functions & Currying","1","Curried Discount Calculator","true","60","web","https://www.youtube.com/watch?v=8EW_AZRPxXM","https://www.youtube.com/watch?v=8EW_AZRPxXM","video","0","AVAILABLE","PLAYER_LOADED","PLAYED","PLAYED","JavaScript HIGHER ORDER FUNCTIONS Simplified","Deeecode","Higher-order functions recording; explicit currying example needs inspection.","UNVERIFIED","Instructor inspects segment/captions, checks prerequisites and runner, and solves assessment from declared lesson material.","[]"
"CS-105","CS-105: Fundamentals of JavaScript","cs105-javascript","5","13","Event Loop, Callbacks & the Call Stack","1","Non-Blocking setTimeout Ordering","true","60","web","https://www.youtube.com/watch?v=8aGhZQkoFbQ","https://www.youtube.com/watch?v=8aGhZQkoFbQ","video","0","AVAILABLE","PLAYER_LOADED","PLAYED","PLAYED","What the heck is the event loop anyway? | Philip Roberts | JSConf EU","JSConf","Provider title/topic screened; full explanation/example/assignment coverage UNVERIFIED because no usable transcript was returned. Inspect segment and solve the assignment.","UNVERIFIED","Instructor inspects segment/captions, checks prerequisites and runner, and solves assessment from declared lesson material.","[]"
"CS-105","CS-105: Fundamentals of JavaScript","cs105-javascript","5","14","Promises (.then, .catch, .finally)","1","Promise Resolution Engine","true","60","web","https://www.youtube.com/watch?v=DHvZLI7Db8E","https://www.youtube.com/watch?v=DHvZLI7Db8E","video","0","AVAILABLE","PLAYER_LOADED","PLAYED","PLAYED","JavaScript Promises In 10 Minutes","Web Dev Simplified","Provider title/topic screened; full explanation/example/assignment coverage UNVERIFIED because no usable transcript was returned. Inspect segment and solve the assignment.","UNVERIFIED","Instructor inspects segment/captions, checks prerequisites and runner, and solves assessment from declared lesson material.","[]"
"CS-105","CS-105: Fundamentals of JavaScript","cs105-javascript","5","15","Modern async / await & the Fetch API","1","Async/Await HTTP Request Handler","true","60","web","https://www.youtube.com/watch?v=V_Kr9OSfDeU","https://www.youtube.com/watch?v=V_Kr9OSfDeU","video","0","AVAILABLE","PLAYER_LOADED","PLAYED","PLAYED","JavaScript Async Await","Web Dev Simplified","Provider title/topic screened; full explanation/example/assignment coverage UNVERIFIED because no usable transcript was returned. Inspect segment and solve the assignment.","UNVERIFIED","Instructor inspects segment/captions, checks prerequisites and runner, and solves assessment from declared lesson material.","[]"
"CS-106","CS-106: Fundamentals of HTML & CSS","cs106-html-css","1","1","HTML Boilerplate & Document Anatomy","1","Minimal Valid Page","true","60","web","https://www.youtube.com/watch?v=X4sClFRMJ00","https://www.youtube.com/watch?v=X4sClFRMJ00","video","0","AVAILABLE","PLAYER_LOADED","PLAYED","PLAYED","HTML & CSS for Absolute Beginners: What is HTML?","Kevin Powell","Provider title/topic screened; full explanation/example/assignment coverage UNVERIFIED because no usable transcript was returned. Inspect segment and solve the assignment.","UNVERIFIED","Instructor inspects segment/captions, checks prerequisites and runner, and solves assessment from declared lesson material.","[]"
"CS-106","CS-106: Fundamentals of HTML & CSS","cs106-html-css","1","2","Text Content Elements (headings, paragraphs, lists)","1","Recipe Card","true","60","web","https://www.youtube.com/watch?v=m61h9YEB1fw","https://www.youtube.com/watch?v=m61h9YEB1fw","video","0","AVAILABLE","PLAYER_LOADED","PLAYED","PLAYED","HTML & CSS for Absolute Beginners: HTML Lists (ol and ul)","Kevin Powell","Provider title/topic screened; full explanation/example/assignment coverage UNVERIFIED because no usable transcript was returned. Inspect segment and solve the assignment.","UNVERIFIED","Instructor inspects segment/captions, checks prerequisites and runner, and solves assessment from declared lesson material.","[]"
"CS-106","CS-106: Fundamentals of HTML & CSS","cs106-html-css","1","3","Links, Images & Attributes","1","Linked Logo","true","60","web","https://www.youtube.com/watch?v=t-G8GgRA5Yw","https://www.youtube.com/watch?v=t-G8GgRA5Yw","video","0","AVAILABLE","PLAYER_LOADED","PLAYED","PLAYED","HTML & CSS for Absolute Beginners: Images","Kevin Powell","Provider title/topic screened; full explanation/example/assignment coverage UNVERIFIED because no usable transcript was returned. Inspect segment and solve the assignment.","UNVERIFIED","Instructor inspects segment/captions, checks prerequisites and runner, and solves assessment from declared lesson material.","[]"
"CS-106","CS-106: Fundamentals of HTML & CSS","cs106-html-css","2","4","Semantic Layout Elements","1","Semantic Skeleton","true","60","web","https://www.youtube.com/watch?v=YOsMJQfwqow","https://www.youtube.com/watch?v=YOsMJQfwqow","video","0","AVAILABLE","PLAYER_LOADED","PLAYED","PLAYED","HTML & CSS for Absolute Beginners: Semantic HTML","Kevin Powell","Provider title/topic screened; full explanation/example/assignment coverage UNVERIFIED because no usable transcript was returned. Inspect segment and solve the assignment.","UNVERIFIED","Instructor inspects segment/captions, checks prerequisites and runner, and solves assessment from declared lesson material.","[]"
"CS-106","CS-106: Fundamentals of HTML & CSS","cs106-html-css","2","5","Tables & Structured Data","1","Price Table","true","60","web","https://www.youtube.com/watch?v=phkB7Aj3Klw","https://www.youtube.com/watch?v=phkB7Aj3Klw","video","0","AVAILABLE","PLAYER_LOADED","UNVERIFIED","PLAYED","How to Organize HTML Tables with Caption, Thead, Tbody, and Tfoot","AltCampus","Provider title/topic screened; full explanation/example/assignment coverage UNVERIFIED because no usable transcript was returned. Inspect segment and solve the assignment.","UNVERIFIED","Instructor inspects segment/captions, checks prerequisites and runner, and solves assessment from declared lesson material.","[]"
"CS-106","CS-106: Fundamentals of HTML & CSS","cs106-html-css","2","6","Forms & Input Controls","1","Signup Field","true","60","web","https://www.youtube.com/watch?v=fNcJuPIZ2WE","https://www.youtube.com/watch?v=fNcJuPIZ2WE","video","0","AVAILABLE","PLAYER_LOADED","PLAYED","PLAYED","Learn HTML Forms In 25 Minutes","Web Dev Simplified","Provider title/topic screened; full explanation/example/assignment coverage UNVERIFIED because no usable transcript was returned. Inspect segment and solve the assignment.","UNVERIFIED","Instructor inspects segment/captions, checks prerequisites and runner, and solves assessment from declared lesson material.","[]"
"CS-106","CS-106: Fundamentals of HTML & CSS","cs106-html-css","3","7","Applying CSS & Selectors","1","Class Painter","true","60","web","https://www.youtube.com/watch?v=QhMTPAbea_k","https://www.youtube.com/watch?v=QhMTPAbea_k","video","0","AVAILABLE","PLAYER_LOADED","PLAYED","PLAYED","HTML & CSS for Absolute Beginners: Intro to CSS","Kevin Powell","Provider title/topic screened; full explanation/example/assignment coverage UNVERIFIED because no usable transcript was returned. Inspect segment and solve the assignment.","UNVERIFIED","Instructor inspects segment/captions, checks prerequisites and runner, and solves assessment from declared lesson material.","[]"
"CS-106","CS-106: Fundamentals of HTML & CSS","cs106-html-css","3","8","Colours, Units & Typography","1","Readable Paragraph","true","60","web","https://www.youtube.com/watch?v=dHbYcAncAgQ","https://www.youtube.com/watch?v=dHbYcAncAgQ","video","0","AVAILABLE","PLAYER_LOADED","UNVERIFIED","PLAYED","px vs rem: what to use for font-size in your CSS","Coder Coder","Provider title/topic screened; full explanation/example/assignment coverage UNVERIFIED because no usable transcript was returned. Inspect segment and solve the assignment.","UNVERIFIED","Instructor inspects segment/captions, checks prerequisites and runner, and solves assessment from declared lesson material.","[]"
"CS-106","CS-106: Fundamentals of HTML & CSS","cs106-html-css","3","9","The Box Model","1","Spaced Card","true","60","web","https://www.youtube.com/watch?v=D_akuQHIPtg","https://www.youtube.com/watch?v=D_akuQHIPtg","video","0","AVAILABLE","PLAYER_LOADED","UNVERIFIED","PLAYED","HTML & CSS for Absolute Beginners: The box model - width, height, inline-size, block-size","Kevin Powell","Provider title/topic screened; full explanation/example/assignment coverage UNVERIFIED because no usable transcript was returned. Inspect segment and solve the assignment.","UNVERIFIED","Instructor inspects segment/captions, checks prerequisites and runner, and solves assessment from declared lesson material.","[]"
"CS-106","CS-106: Fundamentals of HTML & CSS","cs106-html-css","4","10","Display & Positioning","1","Sticky Header","true","60","web","https://www.youtube.com/watch?v=fF_NVrd1s14","https://www.youtube.com/watch?v=fF_NVrd1s14","video","0","AVAILABLE","PLAYER_LOADED","PLAYED","PLAYED","CSS position deep dive","Kevin Powell","Provider title/topic screened; full explanation/example/assignment coverage UNVERIFIED because no usable transcript was returned. Inspect segment and solve the assignment.","UNVERIFIED","Instructor inspects segment/captions, checks prerequisites and runner, and solves assessment from declared lesson material.","[]"
"CS-106","CS-106: Fundamentals of HTML & CSS","cs106-html-css","4","11","Flexbox Layout","1","Centered Box","true","60","web","https://www.youtube.com/watch?v=u044iM9xsWU","https://www.youtube.com/watch?v=u044iM9xsWU","video","0","AVAILABLE","PLAYER_LOADED","PLAYED","PLAYED","Learn flexbox the easy way","Kevin Powell","Provider title/topic screened; full explanation/example/assignment coverage UNVERIFIED because no usable transcript was returned. Inspect segment and solve the assignment.","UNVERIFIED","Instructor inspects segment/captions, checks prerequisites and runner, and solves assessment from declared lesson material.","[]"
"CS-106","CS-106: Fundamentals of HTML & CSS","cs106-html-css","4","12","CSS Grid Layout","1","Three Column Grid","true","60","web","https://www.youtube.com/watch?v=8QSqwbSztnA","https://www.youtube.com/watch?v=8QSqwbSztnA","video","0","AVAILABLE","PLAYER_LOADED","PLAYED","PLAYED","Get started with grid WITHOUT being overwhelmed","Kevin Powell","Provider title/topic screened; full explanation/example/assignment coverage UNVERIFIED because no usable transcript was returned. Inspect segment and solve the assignment.","UNVERIFIED","Instructor inspects segment/captions, checks prerequisites and runner, and solves assessment from declared lesson material.","[]"
"CS-106","CS-106: Fundamentals of HTML & CSS","cs106-html-css","5","13","Responsive Design & Media Queries","1","Breakpoint Switch","true","60","web","https://www.youtube.com/watch?v=QGb-W-c-gIM","https://www.youtube.com/watch?v=QGb-W-c-gIM","video","0","AVAILABLE","PLAYER_LOADED","PLAYED","PLAYED","HTML & CSS for Absolute Beginners: Media Query basics - making a layout responsive","Kevin Powell","Provider title/topic screened; full explanation/example/assignment coverage UNVERIFIED because no usable transcript was returned. Inspect segment and solve the assignment.","UNVERIFIED","Instructor inspects segment/captions, checks prerequisites and runner, and solves assessment from declared lesson material.","[]"
"CS-106","CS-106: Fundamentals of HTML & CSS","cs106-html-css","5","14","Transitions, Transforms & Animations","1","Hover Grow","true","60","web","https://www.youtube.com/watch?v=y8-F5-2EIcg","https://www.youtube.com/watch?v=y8-F5-2EIcg","video","0","AVAILABLE","PLAYER_LOADED","PLAYED","PLAYED","10 CSS animation tips and tricks","Kevin Powell","Provider title/topic screened; full explanation/example/assignment coverage UNVERIFIED because no usable transcript was returned. Inspect segment and solve the assignment.","UNVERIFIED","Instructor inspects segment/captions, checks prerequisites and runner, and solves assessment from declared lesson material.","[]"
"CS-106","CS-106: Fundamentals of HTML & CSS","cs106-html-css","5","15","Building a Complete Responsive Landing Page","1","Hero Section","true","60","web","https://www.youtube.com/watch?v=X1dz0xRbSJc","https://www.youtube.com/watch?v=X1dz0xRbSJc","video","0","AVAILABLE","PLAYER_LOADED","PLAYED","PLAYED","Build a Modern Landing Page Website | HTML & CSS","Traversy Media","Provider title/topic screened; full explanation/example/assignment coverage UNVERIFIED because no usable transcript was returned. Inspect segment and solve the assignment.","UNVERIFIED","Instructor inspects segment/captions, checks prerequisites and runner, and solves assessment from declared lesson material.","[]"
"CS1-ADV","Advanced C Programming","c-advanced","1","1","Pointers & Dereferencing","1","Memory Address Mutation Engine","true","60","c","https://www.youtube.com/watch?v=Hi-Ul47t3nQ","https://www.youtube.com/watch?v=Hi-Ul47t3nQ","video","0","AVAILABLE","PLAYER_LOADED","PLAYED","PLAYED","Pointers are easy! 👈","Bro Code","Provider title/topic screened; full explanation/example/assignment coverage UNVERIFIED because no usable transcript was returned. Inspect segment and solve the assignment.","UNVERIFIED","Instructor inspects segment/captions, checks prerequisites and runner, and solves assessment from declared lesson material.","[]"
"CS1-ADV","Advanced C Programming","c-advanced","1","2","Pointer Arithmetic","1","Buffer Navigation via Pointer Arithmetic","true","60","c","https://www.youtube.com/watch?v=ASVB8KAFypk","https://www.youtube.com/watch?v=ASVB8KAFypk","video","0","AVAILABLE","PLAYER_LOADED","PLAYED","PLAYED","Pointers and arrays","mycodeschool","Provider title/topic screened; full explanation/example/assignment coverage UNVERIFIED because no usable transcript was returned. Inspect segment and solve the assignment.","UNVERIFIED","Instructor inspects segment/captions, checks prerequisites and runner, and solves assessment from declared lesson material.","[]"
"CS1-ADV","Advanced C Programming","c-advanced","1","3","Double Pointers (**ptr)","1","In-Place High-Performance Variable Swap","true","60","c","https://www.youtube.com/watch?v=d3kd5KbGB48","https://www.youtube.com/watch?v=d3kd5KbGB48","video","0","AVAILABLE","PLAYER_LOADED","PLAYED","PLAYED","Pointers to Pointers in C/C++","mycodeschool","Provider title/topic screened; full explanation/example/assignment coverage UNVERIFIED because no usable transcript was returned. Inspect segment and solve the assignment.","UNVERIFIED","Instructor inspects segment/captions, checks prerequisites and runner, and solves assessment from declared lesson material.","[]"
"CS1-ADV","Advanced C Programming","c-advanced","2","4","malloc() & calloc()","1","Dynamic Array Allocator","true","60","c","https://www.youtube.com/watch?v=n_Se6bt8jM0","https://www.youtube.com/watch?v=n_Se6bt8jM0","video","0","AVAILABLE","PLAYER_LOADED","PLAYED","PLAYED","Malloc in C is easy! 🏢","Bro Code","Provider title/topic screened; full explanation/example/assignment coverage UNVERIFIED because no usable transcript was returned. Inspect segment and solve the assignment.","UNVERIFIED","Instructor inspects segment/captions, checks prerequisites and runner, and solves assessment from declared lesson material.","[]"
"CS1-ADV","Advanced C Programming","c-advanced","2","5","Buffer Resizing (realloc)","1","Dynamic Telemetry Buffer Resizing","true","60","c","https://www.youtube.com/watch?v=eo9vm5n6DBo","https://www.youtube.com/watch?v=eo9vm5n6DBo","video","0","AVAILABLE","PLAYER_LOADED","PLAYED","PLAYED","Dynamic Memory Allocation in C | malloc, calloc, realloc, free Explained with Example | CODE WITH ME","Code with me","Provider title/topic screened; full explanation/example/assignment coverage UNVERIFIED because no usable transcript was returned. Inspect segment and solve the assignment.","UNVERIFIED","Instructor inspects segment/captions, checks prerequisites and runner, and solves assessment from declared lesson material.","[]"
"CS1-ADV","Advanced C Programming","c-advanced","2","6","Memory Leaks & free()","1","Safe Heap Cleanup & Sentinel Verification","true","60","c","https://www.youtube.com/watch?v=1KVpi0VN82E","https://www.youtube.com/watch?v=1KVpi0VN82E","video","0","AVAILABLE","PLAYER_LOADED","PLAYED","PLAYED","Learn C memory addresses in 7 minutes 📬","Bro Code","Memory-address topic does not establish heap cleanup/leak diagnosis coverage.","UNVERIFIED","Instructor inspects segment/captions, checks prerequisites and runner, and solves assessment from declared lesson material.","[]"
"CS1-ADV","Advanced C Programming","c-advanced","3","7","struct & typedef","1","Embedded Sensor Telemetry Packet","true","60","c","https://www.youtube.com/watch?v=CI9dRTvzgqE","https://www.youtube.com/watch?v=CI9dRTvzgqE","video","0","AVAILABLE","PLAYER_LOADED","PLAYED","PLAYED","C typedef 📛","Bro Code","Provider title/topic screened; full explanation/example/assignment coverage UNVERIFIED because no usable transcript was returned. Inspect segment and solve the assignment.","UNVERIFIED","Instructor inspects segment/captions, checks prerequisites and runner, and solves assessment from declared lesson material.","[]"
"CS1-ADV","Advanced C Programming","c-advanced","3","8","Linked Lists","1","Linked List Traversal Engine","true","60","c","https://www.youtube.com/watch?v=1fi2CPGcdA8","https://www.youtube.com/watch?v=1fi2CPGcdA8","video","0","AVAILABLE","PLAYER_LOADED","PLAYED","PLAYED","Structs and Pointers to Structs in C -- Engineer Man","Engineer Man","Struct-pointer topic does not establish linked-list construction and traversal.","UNVERIFIED","Instructor inspects segment/captions, checks prerequisites and runner, and solves assessment from declared lesson material.","[]"
"CS1-ADV","Advanced C Programming","c-advanced","3","9","Bitwise Operations & Masks","1","Hardware Status Flag Masking","true","60","c","https://www.youtube.com/watch?v=tGpBOeBtr7w","https://www.youtube.com/watch?v=tGpBOeBtr7w","video","0","AVAILABLE","PLAYER_LOADED","PLAYED","PLAYED","How to turn off a particular bit in a number? | GeeksforGeeks","GeeksforGeeks","Verify multi-bit masks and flag manipulation, not only switching a bit.","UNVERIFIED","Instructor inspects segment/captions, checks prerequisites and runner, and solves assessment from declared lesson material.","[]"
"CS1-ADV","Advanced C Programming","c-advanced","4","10","Stream File I/O","1","Persistent System Log File Writer","true","60","c","https://www.youtube.com/watch?v=UqB4EgUxapM","https://www.youtube.com/watch?v=UqB4EgUxapM","video","0","AVAILABLE","PLAYER_LOADED","PLAYED","PLAYED","C writing files✍️","Bro Code","Provider title/topic screened; full explanation/example/assignment coverage UNVERIFIED because no usable transcript was returned. Inspect segment and solve the assignment.","UNVERIFIED","Instructor inspects segment/captions, checks prerequisites and runner, and solves assessment from declared lesson material.","[]"
"CS1-ADV","Advanced C Programming","c-advanced","4","11","Binary Block I/O","1","Binary Struct Serialization","true","60","c","https://www.youtube.com/watch?v=vESy0Up66RU","https://www.youtube.com/watch?v=vESy0Up66RU","video","0","AVAILABLE","PLAYER_LOADED","PLAYED","PLAYED","C Programming:File Handling (fread fwrite block read write) Lab 3","saurabhschool","Provider title/topic screened; full explanation/example/assignment coverage UNVERIFIED because no usable transcript was returned. Inspect segment and solve the assignment.","UNVERIFIED","Instructor inspects segment/captions, checks prerequisites and runner, and solves assessment from declared lesson material.","[]"
"CS1-ADV","Advanced C Programming","c-advanced","4","12","Function Pointers & Callbacks","1","Dynamic Arithmetic Dispatch Engine","true","60","c","https://www.youtube.com/watch?v=BRsv3ZXoHto","https://www.youtube.com/watch?v=BRsv3ZXoHto","video","0","AVAILABLE","PLAYER_LOADED","UNVERIFIED","PLAYED","Function Pointers in C","Neso Academy","Provider title/topic screened; full explanation/example/assignment coverage UNVERIFIED because no usable transcript was returned. Inspect segment and solve the assignment.","UNVERIFIED","Instructor inspects segment/captions, checks prerequisites and runner, and solves assessment from declared lesson material.","[]"
"CPP2-ADV","Advanced C++ Programming","cpp-advanced","1","1","Inheritance & protected","1","Vehicle Fleet Inheritance","true","60","cpp","https://www.youtube.com/watch?v=5HYIFFuGcvk","https://www.youtube.com/watch?v=5HYIFFuGcvk","video","0","AVAILABLE","PLAYER_LOADED","UNVERIFIED","PLAYED","What is INHERITANCE in C++? 👨‍👧‍👧","Bro Code","Provider title/topic screened; full explanation/example/assignment coverage UNVERIFIED because no usable transcript was returned. Inspect segment and solve the assignment.","UNVERIFIED","Instructor inspects segment/captions, checks prerequisites and runner, and solves assessment from declared lesson material.","[]"
"CPP2-ADV","Advanced C++ Programming","cpp-advanced","1","2","Virtual Functions & vtables","1","Dynamic Payment Gateway Dispatch","true","60","cpp","https://www.youtube.com/watch?v=FA5bvYW4iUc","https://www.youtube.com/watch?v=FA5bvYW4iUc","video","0","AVAILABLE","PLAYER_LOADED","PLAYED","PLAYED","C++ Pure Virtual Functions, Abstract Classes | Cpp Video Tutorial","LearningLad","Virtual-function basics; verify vtables explanation and task-level dispatch.","UNVERIFIED","Instructor inspects segment/captions, checks prerequisites and runner, and solves assessment from declared lesson material.","[]"
"CPP2-ADV","Advanced C++ Programming","cpp-advanced","1","3","Abstract Classes & Interfaces","1","Sensor Interface Contract","true","60","cpp","https://www.youtube.com/watch?v=UWAdd13EfM8","https://www.youtube.com/watch?v=UWAdd13EfM8","video","0","AVAILABLE","PLAYER_LOADED","PLAYED","PLAYED","Interfaces in C++ (Pure Virtual Functions)","The Cherno","Provider title/topic screened; full explanation/example/assignment coverage UNVERIFIED because no usable transcript was returned. Inspect segment and solve the assignment.","UNVERIFIED","Instructor inspects segment/captions, checks prerequisites and runner, and solves assessment from declared lesson material.","[]"
"CPP2-ADV","Advanced C++ Programming","cpp-advanced","2","4","Operator Overloading (+, ==, <<)","1","2D Vector Addition Operator","true","60","cpp","https://www.youtube.com/watch?v=mS9755gF66w","https://www.youtube.com/watch?v=mS9755gF66w","video","0","AVAILABLE","PLAYER_LOADED","PLAYED","PLAYED","OPERATORS and OPERATOR OVERLOADING in C++","The Cherno","Provider title/topic screened; full explanation/example/assignment coverage UNVERIFIED because no usable transcript was returned. Inspect segment and solve the assignment.","UNVERIFIED","Instructor inspects segment/captions, checks prerequisites and runner, and solves assessment from declared lesson material.","[]"
"CPP2-ADV","Advanced C++ Programming","cpp-advanced","2","5","Deep vs Shallow Copy","1","Deep Copy Buffer Protector","true","60","cpp","https://www.youtube.com/watch?v=G_UgbP8clOs","https://www.youtube.com/watch?v=G_UgbP8clOs","video","0","AVAILABLE","UNVERIFIED","UNVERIFIED","PLAYED","Deep Copy in C++","Neso Academy","Provider title/topic screened; full explanation/example/assignment coverage UNVERIFIED because no usable transcript was returned. Inspect segment and solve the assignment.","UNVERIFIED","Instructor inspects segment/captions, checks prerequisites and runner, and solves assessment from declared lesson material.","[]"
"CPP2-ADV","Advanced C++ Programming","cpp-advanced","2","6","Rule of Three / Five","1","Safe Assignment Operator (=)","true","60","cpp","https://www.youtube.com/watch?v=z3QlnTRLNfw","https://www.youtube.com/watch?v=z3QlnTRLNfw","video","0","AVAILABLE","PLAYER_LOADED","PLAYED","PLAYED","C++ Rule of 3/5 and Vectors","Bill Kerney","Provider title/topic screened; full explanation/example/assignment coverage UNVERIFIED because no usable transcript was returned. Inspect segment and solve the assignment.","UNVERIFIED","Instructor inspects segment/captions, checks prerequisites and runner, and solves assessment from declared lesson material.","[]"
"CPP2-ADV","Advanced C++ Programming","cpp-advanced","3","7","Function Templates","1","Universal Generic Max Finder","true","60","cpp","https://www.youtube.com/watch?v=I-hZkUa9mIs","https://www.youtube.com/watch?v=I-hZkUa9mIs","video","0","AVAILABLE","PLAYER_LOADED","UNVERIFIED","PLAYED","Templates in C++","The Cherno","Provider title/topic screened; full explanation/example/assignment coverage UNVERIFIED because no usable transcript was returned. Inspect segment and solve the assignment.","UNVERIFIED","Instructor inspects segment/captions, checks prerequisites and runner, and solves assessment from declared lesson material.","[]"
"CPP2-ADV","Advanced C++ Programming","cpp-advanced","3","8","Class Templates","1","Generic Key-Value Pair Box","true","60","cpp","https://www.youtube.com/watch?v=PD8MXD3uVOk","https://www.youtube.com/watch?v=PD8MXD3uVOk","video","0","AVAILABLE","PLAYER_LOADED","UNVERIFIED","PLAYED","C++ Function Templates Tutorial","Professor Hank Stalica","Function-template resource reused for class-template task; full class-template coverage UNVERIFIED.","UNVERIFIED","Instructor inspects segment/captions, checks prerequisites and runner, and solves assessment from declared lesson material.","[]"
"CPP2-ADV","Advanced C++ Programming","cpp-advanced","3","9","STL Algorithms & Lambdas","1","Lambda-Powered Filter & Sort","true","60","cpp","https://www.youtube.com/watch?v=HyhvU5SJTlQ","https://www.youtube.com/watch?v=HyhvU5SJTlQ","video","0","AVAILABLE","PLAYER_LOADED","UNVERIFIED","PLAYED","Sorting - C++ Tutorial (Part 29)","Steve's teacher","Sorting material; verify lambda predicate/filter pipeline.","UNVERIFIED","Instructor inspects segment/captions, checks prerequisites and runner, and solves assessment from declared lesson material.","[]"
"CPP2-ADV","Advanced C++ Programming","cpp-advanced","4","10","std::unique_ptr","1","Scoped Smart Pointer Allocator","true","60","cpp","https://www.youtube.com/watch?v=UOB7-B2MfwA","https://www.youtube.com/watch?v=UOB7-B2MfwA","video","0","AVAILABLE","PLAYER_LOADED","UNVERIFIED","PLAYED","SMART POINTERS in C++ (std::unique_ptr, std::shared_ptr, std::weak_ptr)","The Cherno","Provider title/topic screened; full explanation/example/assignment coverage UNVERIFIED because no usable transcript was returned. Inspect segment and solve the assignment.","UNVERIFIED","Instructor inspects segment/captions, checks prerequisites and runner, and solves assessment from declared lesson material.","[]"
"CPP2-ADV","Advanced C++ Programming","cpp-advanced","4","11","std::shared_ptr & Reference Counting","1","Reference Count Monitor","true","60","cpp","https://www.youtube.com/watch?v=UOB7-B2MfwA","https://www.youtube.com/watch?v=UOB7-B2MfwA","video","0","AVAILABLE","PLAYER_LOADED","UNVERIFIED","PLAYED","SMART POINTERS in C++ (std::unique_ptr, std::shared_ptr, std::weak_ptr)","The Cherno","Provider title/topic screened; full explanation/example/assignment coverage UNVERIFIED because no usable transcript was returned. Inspect segment and solve the assignment.","UNVERIFIED","Instructor inspects segment/captions, checks prerequisites and runner, and solves assessment from declared lesson material.","[]"
"CPP2-ADV","Advanced C++ Programming","cpp-advanced","4","12","Move Semantics & std::move","1","Zero-Copy Buffer Transfer","true","60","cpp","https://www.youtube.com/watch?v=zK8A4Ko53HY","https://www.youtube.com/watch?v=zK8A4Ko53HY","video","0","AVAILABLE","PLAYER_LOADED","PLAYED","PLAYED","C++ 11 Move Semantics: Move Assignment Operator","Knowledge Center","Provider title/topic screened; full explanation/example/assignment coverage UNVERIFIED because no usable transcript was returned. Inspect segment and solve the assignment.","UNVERIFIED","Instructor inspects segment/captions, checks prerequisites and runner, and solves assessment from declared lesson material.","[]"
"PY3-ADV","Advanced Python Programming","python-advanced","1","1","Iterator Protocol (__iter__, __next__)","1","Custom Range Countdown Iterator","true","60","python","https://www.youtube.com/watch?v=Dyu08G2l71c","https://www.youtube.com/watch?v=Dyu08G2l71c","video","0","AVAILABLE","PLAYER_LOADED","PLAYED","PLAYED","#61 Python Tutorial for Beginners | Iterator","Telusko","Provider title/topic screened; full explanation/example/assignment coverage UNVERIFIED because no usable transcript was returned. Inspect segment and solve the assignment.","UNVERIFIED","Instructor inspects segment/captions, checks prerequisites and runner, and solves assessment from declared lesson material.","[]"
"PY3-ADV","Advanced Python Programming","python-advanced","1","2","Generators & yield Statements","1","Lazy Fibonacci Generator","true","60","python","https://www.youtube.com/watch?v=tmeKsb2Fras","https://www.youtube.com/watch?v=tmeKsb2Fras","video","0","AVAILABLE","PLAYER_LOADED","UNVERIFIED","PLAYED","Python Generators","mCoding","Provider title/topic screened; full explanation/example/assignment coverage UNVERIFIED because no usable transcript was returned. Inspect segment and solve the assignment.","UNVERIFIED","Instructor inspects segment/captions, checks prerequisites and runner, and solves assessment from declared lesson material.","[]"
"PY3-ADV","Advanced Python Programming","python-advanced","1","3","Built-in Functional Tools (map, filter, reduce, functools)","1","Functional Pipeline Processor","true","60","python","https://www.youtube.com/watch?v=hUes6y2b--0","https://www.youtube.com/watch?v=hUes6y2b--0","video","0","AVAILABLE","PLAYER_LOADED","PLAYED","PLAYED","Map, Filter, and Reduce Functions  ||  Python Tutorial  ||  Learn Python Programming","Socratica","Provider title/topic screened; full explanation/example/assignment coverage UNVERIFIED because no usable transcript was returned. Inspect segment and solve the assignment.","UNVERIFIED","Instructor inspects segment/captions, checks prerequisites and runner, and solves assessment from declared lesson material.","[]"
"PY3-ADV","Advanced Python Programming","python-advanced","2","4","Closures & Function Factories","1","Custom Power Function Factory","true","60","python","https://www.youtube.com/watch?v=swU3c34d2NQ","https://www.youtube.com/watch?v=swU3c34d2NQ","video","0","AVAILABLE","PLAYER_LOADED","PLAYED","PLAYED","Programming Terms: Closures - How to Use Them and Why They Are Useful","Corey Schafer","Provider title/topic screened; full explanation/example/assignment coverage UNVERIFIED because no usable transcript was returned. Inspect segment and solve the assignment.","UNVERIFIED","Instructor inspects segment/captions, checks prerequisites and runner, and solves assessment from declared lesson material.","[]"
"PY3-ADV","Advanced Python Programming","python-advanced","2","5","Function Decorators & functools.wraps","1","Execution Timer Decorator","true","60","python","https://www.youtube.com/watch?v=FsAPt_9Bf3U","https://www.youtube.com/watch?v=FsAPt_9Bf3U","video","0","AVAILABLE","PLAYER_LOADED","PLAYED","PLAYED","Python Tutorial: Decorators - Dynamically Alter The Functionality Of Your Functions","Corey Schafer","Provider title/topic screened; full explanation/example/assignment coverage UNVERIFIED because no usable transcript was returned. Inspect segment and solve the assignment.","UNVERIFIED","Instructor inspects segment/captions, checks prerequisites and runner, and solves assessment from declared lesson material.","[]"
"PY3-ADV","Advanced Python Programming","python-advanced","2","6","Decorators with Arguments & Class Decorators","1","Configurable Retry Decorator","true","60","python","https://www.youtube.com/watch?v=r7Dtus7N4pI","https://www.youtube.com/watch?v=r7Dtus7N4pI","video","0","AVAILABLE","PLAYER_LOADED","UNVERIFIED","PLAYED","Python Decorators in 15 Minutes","Kite","Provider title/topic screened; full explanation/example/assignment coverage UNVERIFIED because no usable transcript was returned. Inspect segment and solve the assignment.","UNVERIFIED","Instructor inspects segment/captions, checks prerequisites and runner, and solves assessment from declared lesson material.","[]"
"PY3-ADV","Advanced Python Programming","python-advanced","3","7","Advanced Dunder Methods (__repr__, __eq__, __getitem__, __call__)","1","Callable Vector Math Class","true","60","python","https://www.youtube.com/watch?v=3ohzBxoFHAY","https://www.youtube.com/watch?v=3ohzBxoFHAY","video","0","AVAILABLE","PLAYER_LOADED","PLAYED","PLAYED","Python OOP Tutorial 5: Special (Magic/Dunder) Methods","Corey Schafer","Provider title/topic screened; full explanation/example/assignment coverage UNVERIFIED because no usable transcript was returned. Inspect segment and solve the assignment.","UNVERIFIED","Instructor inspects segment/captions, checks prerequisites and runner, and solves assessment from declared lesson material.","[]"
"PY3-ADV","Advanced Python Programming","python-advanced","3","8","Property Descriptors & Attribute Interception (__getattr__, __setattr__)","1","Validated Integer Descriptor","true","60","python","https://www.youtube.com/watch?v=xWHeK2pTD14","https://www.youtube.com/watch?v=xWHeK2pTD14","video","0","AVAILABLE","PLAYER_LOADED","UNVERIFIED","PLAYED","Python Descriptors: Creating a Class and a Descriptor","Real Python","Provider title/topic screened; full explanation/example/assignment coverage UNVERIFIED because no usable transcript was returned. Inspect segment and solve the assignment.","UNVERIFIED","Instructor inspects segment/captions, checks prerequisites and runner, and solves assessment from declared lesson material.","[]"
"PY3-ADV","Advanced Python Programming","python-advanced","3","9","Abstract Base Classes (abc module) & Metaclasses","1","Abstract Database Connector Contract","true","60","python","https://www.youtube.com/watch?v=hEW-IWGluG4","https://www.youtube.com/watch?v=hEW-IWGluG4","video","0","AVAILABLE","PLAYER_LOADED","PLAYED","PLAYED","Python abstract base class (ABC) example","Pybites","ABC material; metaclass objective needs separate inspection.","UNVERIFIED","Instructor inspects segment/captions, checks prerequisites and runner, and solves assessment from declared lesson material.","[]"
"PY3-ADV","Advanced Python Programming","python-advanced","4","10","Custom Context Managers (__enter__, __exit__)","1","High-Precision Code Timer Context Manager","true","60","python","https://www.youtube.com/watch?v=-aKFBoZpiqA","https://www.youtube.com/watch?v=-aKFBoZpiqA","video","0","AVAILABLE","PLAYER_LOADED","PLAYED","PLAYED","Python Tutorial: Context Managers - Efficiently Managing Resources","Corey Schafer","Provider title/topic screened; full explanation/example/assignment coverage UNVERIFIED because no usable transcript was returned. Inspect segment and solve the assignment.","UNVERIFIED","Instructor inspects segment/captions, checks prerequisites and runner, and solves assessment from declared lesson material.","[]"
"PY3-ADV","Advanced Python Programming","python-advanced","4","11","contextlib Utilities (@contextmanager)","1","Standard Output Redirector","true","60","python","https://www.youtube.com/watch?v=QnEB7KpywdI","https://www.youtube.com/watch?v=QnEB7KpywdI","video","0","AVAILABLE","PLAYER_LOADED","PLAYED","PLAYED","Tutoriel Python - gestionnaires de contexte","EvoluNoob","French-language context-manager recording; language unexplained; contextdecorator chapter 11:55. Confirm contextmanager and redirect_stdout coverage.","UNVERIFIED","Instructor inspects segment/captions, checks prerequisites and runner, and solves assessment from declared lesson material.","[]"
"PY3-ADV","Advanced Python Programming","python-advanced","4","12","Garbage Collection, __slots__ & weakref","1","Memory-Optimized __slots__ Point","true","60","python","https://www.youtube.com/watch?v=dRw3FdQTxqs","https://www.youtube.com/watch?v=dRw3FdQTxqs","video","0","AVAILABLE","PLAYER_LOADED","UNVERIFIED","PLAYED","Python - Weakref","R3ap3rPy","Weakref resource; slots-based memory layout/task coverage needs inspection.","UNVERIFIED","Instructor inspects segment/captions, checks prerequisites and runner, and solves assessment from declared lesson material.","[]"
"PY3-ADV","Advanced Python Programming","python-advanced","5","13","Threading vs Multiprocessing & the GIL","1","Concurrent Thread Worker Pool","true","60","python","https://www.youtube.com/watch?v=ecKWiaHCEKs","https://www.youtube.com/watch?v=ecKWiaHCEKs","video","0","AVAILABLE","PLAYER_LOADED","PLAYED","PLAYED","Threading vs Multiprocessing in Python","Engineer Man","Requires real concurrency-capable Python execution; browser runner support UNVERIFIED.","UNVERIFIED","Instructor inspects segment/captions, checks prerequisites and runner, and solves assessment from declared lesson material.","[]"
"PY3-ADV","Advanced Python Programming","python-advanced","5","14","Thread Synchronization with Lock & Queue","1","Mutex-Guarded Counter","true","60","python","https://www.youtube.com/watch?v=OE5FrlYe_rI","https://www.youtube.com/watch?v=OE5FrlYe_rI","video","0","AVAILABLE","PLAYER_LOADED","PLAYED","PLAYED","Introduction to Thread Locks in Python - Part#1","CodersLegacy","Lock/Queue task requires concurrency-capable Python execution; runner support UNVERIFIED.","UNVERIFIED","Instructor inspects segment/captions, checks prerequisites and runner, and solves assessment from declared lesson material.","[]"
"PY3-ADV","Advanced Python Programming","python-advanced","5","15","Asynchronous Programming with AsyncIO (async / await)","1","Async Coroutine Task Gatherer","true","60","python","https://www.youtube.com/watch?v=t5Bo1Je9EmE","https://www.youtube.com/watch?v=t5Bo1Je9EmE","video","0","AVAILABLE","PLAYER_LOADED","UNVERIFIED","PLAYED","Python Asynchronous Programming - AsyncIO & Async/Await","Tech With Tim","Provider title/topic screened; full explanation/example/assignment coverage UNVERIFIED because no usable transcript was returned. Inspect segment and solve the assignment.","UNVERIFIED","Instructor inspects segment/captions, checks prerequisites and runner, and solves assessment from declared lesson material.","[]"
"JS4-ADV","Advanced JavaScript Programming","js-advanced","1","1","Prototypal Inheritance & the Prototype Chain","1","Prototype Delegation Engine","true","60","web","https://www.youtube.com/watch?v=1UTqFAjYx1k","https://www.youtube.com/watch?v=1UTqFAjYx1k","video","0","AVAILABLE","PLAYER_LOADED","PLAYED","PLAYED","JavaScript Prototypal inheritance - Tutorial","ColorCode","Provider title/topic screened; full explanation/example/assignment coverage UNVERIFIED because no usable transcript was returned. Inspect segment and solve the assignment.","UNVERIFIED","Instructor inspects segment/captions, checks prerequisites and runner, and solves assessment from declared lesson material.","[]"
"JS4-ADV","Advanced JavaScript Programming","js-advanced","1","2","Function Constructors vs ES6 Classes & #private Fields","1","Hard Encapsulated Wallet","true","60","web","https://www.youtube.com/watch?v=2ZphE5HcQPQ","https://www.youtube.com/watch?v=2ZphE5HcQPQ","video","0","AVAILABLE","PLAYER_LOADED","UNVERIFIED","PLAYED","JavaScript Classes Tutorial","freeCodeCamp.org","ES6 class chapters do not establish modern #private-field coverage.","UNVERIFIED","Instructor inspects segment/captions, checks prerequisites and runner, and solves assessment from declared lesson material.","[]"
"JS4-ADV","Advanced JavaScript Programming","js-advanced","1","3","Property Descriptors (Object.defineProperty, freeze, seal)","1","Immutable Config Protector","true","60","web","https://www.youtube.com/watch?v=ZqL7q8KUw9I","https://www.youtube.com/watch?v=ZqL7q8KUw9I","video","0","AVAILABLE","PLAYER_LOADED","PLAYED","PLAYED","How to protect JavaScript Objects with Object.seal() - JavaScript Tutorial","dcode","Seal material; verify descriptors and freeze as well.","UNVERIFIED","Instructor inspects segment/captions, checks prerequisites and runner, and solves assessment from declared lesson material.","[]"
"JS4-ADV","Advanced JavaScript Programming","js-advanced","2","4","Proxy Traps (get, set, deleteProperty)","1","Schema-Validating Proxy","true","60","web","https://www.youtube.com/watch?v=hI4AyjNnUzQ","https://www.youtube.com/watch?v=hI4AyjNnUzQ","video","0","AVAILABLE","PLAYER_LOADED","UNVERIFIED","PLAYED","How to use Proxy Objects - JavaScript Tutorial","dcode","Provider title/topic screened; full explanation/example/assignment coverage UNVERIFIED because no usable transcript was returned. Inspect segment and solve the assignment.","UNVERIFIED","Instructor inspects segment/captions, checks prerequisites and runner, and solves assessment from declared lesson material.","[]"
"JS4-ADV","Advanced JavaScript Programming","js-advanced","2","5","Reflect API & Transparent Forwarding","1","Reflect Property Forwarder","true","60","web","https://www.youtube.com/watch?v=X7qXJRU6qyM","https://www.youtube.com/watch?v=X7qXJRU6qyM","video","0","AVAILABLE","PLAYER_LOADED","PLAYED","PLAYED","JavaScript ES6 Reflect Object","Steve Griffith - Prof3ssorSt3v3","Provider title/topic screened; full explanation/example/assignment coverage UNVERIFIED because no usable transcript was returned. Inspect segment and solve the assignment.","UNVERIFIED","Instructor inspects segment/captions, checks prerequisites and runner, and solves assessment from declared lesson material.","[]"
"JS4-ADV","Advanced JavaScript Programming","js-advanced","2","6","Well-Known Symbols (Symbol.iterator, Symbol.toPrimitive)","1","Custom Iterable Range Object","true","60","web","https://www.youtube.com/watch?v=4J5hnOCj69w","https://www.youtube.com/watch?v=4J5hnOCj69w","video","0","AVAILABLE","PLAYER_LOADED","PLAYED","PLAYED","The Complete Guide to JS Symbols ES6","Colt Steele","Provider title/topic screened; full explanation/example/assignment coverage UNVERIFIED because no usable transcript was returned. Inspect segment and solve the assignment.","UNVERIFIED","Instructor inspects segment/captions, checks prerequisites and runner, and solves assessment from declared lesson material.","[]"
"JS4-ADV","Advanced JavaScript Programming","js-advanced","3","7","Microtasks vs Macrotasks (queueMicrotask, MutationObserver)","1","Event Loop Priority Ordering","true","60","web","https://www.youtube.com/watch?v=8aGhZQkoFbQ","https://www.youtube.com/watch?v=8aGhZQkoFbQ","video","0","AVAILABLE","PLAYER_LOADED","PLAYED","PLAYED","What the heck is the event loop anyway? | Philip Roberts | JSConf EU","JSConf","Older event-loop talk; verify current queueMicrotask/MutationObserver ordering.","UNVERIFIED","Instructor inspects segment/captions, checks prerequisites and runner, and solves assessment from declared lesson material.","[]"
"JS4-ADV","Advanced JavaScript Programming","js-advanced","3","8","WeakMap & WeakSet (Memory Leak Prevention)","1","WeakMap Metadata Store","true","60","web","https://www.youtube.com/watch?v=8B514jlvkqE","https://www.youtube.com/watch?v=8B514jlvkqE","video","0","AVAILABLE","PLAYER_LOADED","PLAYED","PLAYED","Weak References, Reachability, WeakSets, and WeakMaps","Steve Griffith - Prof3ssorSt3v3","Provider title/topic screened; full explanation/example/assignment coverage UNVERIFIED because no usable transcript was returned. Inspect segment and solve the assignment.","UNVERIFIED","Instructor inspects segment/captions, checks prerequisites and runner, and solves assessment from declared lesson material.","[]"
"JS4-ADV","Advanced JavaScript Programming","js-advanced","3","9","FinalizationRegistry & Garbage Collection Mechanics","1","Finalizer Registry Logger","true","60","web","https://www.youtube.com/watch?v=3sgIFrjA61U","https://www.youtube.com/watch?v=3sgIFrjA61U","video","0","AVAILABLE","PLAYER_LOADED","PLAYED","PLAYED","JavaScript FinalizationRegistry Unraveled: Memory Management Magic Explained!","Luca Del Puppo","Provider title/topic screened; full explanation/example/assignment coverage UNVERIFIED because no usable transcript was returned. Inspect segment and solve the assignment.","UNVERIFIED","Instructor inspects segment/captions, checks prerequisites and runner, and solves assessment from declared lesson material.","[]"
"JS4-ADV","Advanced JavaScript Programming","js-advanced","4","10","Promise Combinators (all, allSettled, race, any)","1","Resilient allSettled Audit","true","60","web","https://www.youtube.com/watch?v=DHvZLI7Db8E","https://www.youtube.com/watch?v=DHvZLI7Db8E","video","0","AVAILABLE","PLAYER_LOADED","PLAYED","PLAYED","JavaScript Promises In 10 Minutes","Web Dev Simplified","Promise basics; verify allSettled/race/any as well as all.","UNVERIFIED","Instructor inspects segment/captions, checks prerequisites and runner, and solves assessment from declared lesson material.","[]"
"JS4-ADV","Advanced JavaScript Programming","js-advanced","4","11","AbortController & Request Cancellation","1","Aborted Signal Handler","true","60","web","https://www.youtube.com/watch?v=bLpA9tvABb8","https://www.youtube.com/watch?v=bLpA9tvABb8","video","0","AVAILABLE","PLAYER_LOADED","UNVERIFIED","PLAYED","How To Abort A Fetch Request With AbortController In JavaScript","Conner Ardman","Provider title/topic screened; full explanation/example/assignment coverage UNVERIFIED because no usable transcript was returned. Inspect segment and solve the assignment.","UNVERIFIED","Instructor inspects segment/captions, checks prerequisites and runner, and solves assessment from declared lesson material.","[]"
"JS4-ADV","Advanced JavaScript Programming","js-advanced","4","12","Async Generators & for-await-of","1","Async Sequence Streamer","true","60","web","https://www.youtube.com/watch?v=tmeKsb2Fras","https://developer.mozilla.org/en-US/docs/Web/JavaScript/Reference/Statements/async_function*","guide","0","AVAILABLE (official guide inspected)","N/A","N/A","N/A","MDN async function*","MDN","CORRECTED: wrong-language Python video removed from JS mapping. MDN async-generator guide supplied; replacement video OPEN.","UNVERIFIED","Instructor inspects segment/captions, checks prerequisites and runner, and solves assessment from declared lesson material.","[[""MDN: JavaScript async generators"",""https://developer.mozilla.org/en-US/docs/Web/JavaScript/Reference/Statements/async_function*""]]"
"JS4-ADV","Advanced JavaScript Programming","js-advanced","5","13","Custom Event System (CustomEvent & EventTarget)","1","Decoupled Custom Event Notifier","true","60","web","https://www.youtube.com/watch?v=b469-2H9Rew","https://www.youtube.com/watch?v=b469-2H9Rew","video","0","AVAILABLE","PLAYER_LOADED","PLAYED","PLAYED","Custom Events in Javascript (CustomEvent)","dcode","Provider title/topic screened; full explanation/example/assignment coverage UNVERIFIED because no usable transcript was returned. Inspect segment and solve the assignment.","UNVERIFIED","Instructor inspects segment/captions, checks prerequisites and runner, and solves assessment from declared lesson material.","[]"
"JS4-ADV","Advanced JavaScript Programming","js-advanced","5","14","Multithreading with Web Workers (postMessage, onmessage)","1","Background Message Worker Simulator","true","60","web","https://www.youtube.com/watch?v=Gcp7triXFjg","https://www.youtube.com/watch?v=Gcp7triXFjg","video","0","AVAILABLE","PLAYER_LOADED","PLAYED","PLAYED","JavaScript Web Workers Explained","DevSage","Worker implementation and Blob/origin support need a tested runner setup.","UNVERIFIED","Instructor inspects segment/captions, checks prerequisites and runner, and solves assessment from declared lesson material.","[]"
"JS4-ADV","Advanced JavaScript Programming","js-advanced","5","15","SharedArrayBuffer & Atomics (Thread Synchronization)","1","Atomic Counter Synchronizer","true","60","web","https://www.youtube.com/watch?v=phs5V6qk2xk","https://www.youtube.com/watch?v=phs5V6qk2xk","video","0","AVAILABLE","PLAYER_LOADED","PLAYED","PLAYED","Javascript: SharedArrayBuffer, Atomics & Synchronization  #multithreading","Novitiate","SharedArrayBuffer/Atomics require appropriate origin isolation. Isolation topic at 1:03 and Atomics at 6:10; runner compatibility UNVERIFIED.","UNVERIFIED","Instructor inspects segment/captions, checks prerequisites and runner, and solves assessment from declared lesson material.","[]"
"WEB5-ADV","Advanced CSS and Web Development","web-advanced","1","1","Advanced & Combinator Selectors (:is, :where, :has)","1","Parent Select","true","60","web","https://www.youtube.com/watch?v=OGJvhpoE8b4","https://www.youtube.com/watch?v=OGJvhpoE8b4","video","0","AVAILABLE","PLAYER_LOADED","PLAYED","PLAYED",":has() opens up new possibilities with CSS","Kevin Powell","Provider title/topic screened; full explanation/example/assignment coverage UNVERIFIED because no usable transcript was returned. Inspect segment and solve the assignment.","UNVERIFIED","Instructor inspects segment/captions, checks prerequisites and runner, and solves assessment from declared lesson material.","[]"
"WEB5-ADV","Advanced CSS and Web Development","web-advanced","1","2","Specificity, Cascade Layers & Custom Properties","1","Theme Variable","true","60","web","https://www.youtube.com/watch?v=NDNRGW-_1EE","https://www.youtube.com/watch?v=NDNRGW-_1EE","video","0","AVAILABLE","PLAYER_LOADED","UNVERIFIED","PLAYED","No more specificity issues?! (or all new ones 🤔) - A look at CSS Cascade Layers","Kevin Powell","Cascade-layer recording; task needs explicit CSS custom-property example.","UNVERIFIED","Instructor inspects segment/captions, checks prerequisites and runner, and solves assessment from declared lesson material.","[]"
"WEB5-ADV","Advanced CSS and Web Development","web-advanced","1","3","CSS Architecture Methodologies (BEM & Utility-First)","1","BEM Rename","true","60","web","https://www.youtube.com/watch?v=SLjHSVwXYq4","https://www.youtube.com/watch?v=SLjHSVwXYq4","video","0","AVAILABLE","PLAYER_LOADED","PLAYED","PLAYED","Why I use the BEM naming convention for my CSS","Kevin Powell","Provider title/topic screened; full explanation/example/assignment coverage UNVERIFIED because no usable transcript was returned. Inspect segment and solve the assignment.","UNVERIFIED","Instructor inspects segment/captions, checks prerequisites and runner, and solves assessment from declared lesson material.","[]"
"WEB5-ADV","Advanced CSS and Web Development","web-advanced","2","4","Advanced Flexbox Patterns","1","Flexible Sidebar","true","60","web","https://www.youtube.com/watch?v=sanswTlz4ZY","https://www.youtube.com/watch?v=sanswTlz4ZY","video","0","AVAILABLE","PLAYER_LOADED","PLAYED","PLAYED","Flex grow, shrink, basis | CSS Flexbox tutorial","Scrimba","Provider title/topic screened; full explanation/example/assignment coverage UNVERIFIED because no usable transcript was returned. Inspect segment and solve the assignment.","UNVERIFIED","Instructor inspects segment/captions, checks prerequisites and runner, and solves assessment from declared lesson material.","[]"
"WEB5-ADV","Advanced CSS and Web Development","web-advanced","2","5","Advanced CSS Grid (areas, subgrid, auto-fit)","1","Auto-Fit Gallery","true","60","web","https://www.youtube.com/watch?v=UwV4LtO0nHo","https://www.youtube.com/watch?v=UwV4LtO0nHo","video","0","AVAILABLE","PLAYER_LOADED","PLAYED","PLAYED","Creating a robust grid system using subgrid","Kevin Powell","Subgrid recording; auto-fit/minmax gallery task coverage UNVERIFIED.","UNVERIFIED","Instructor inspects segment/captions, checks prerequisites and runner, and solves assessment from declared lesson material.","[]"
"WEB5-ADV","Advanced CSS and Web Development","web-advanced","2","6","Modern Responsive Layout (clamp, container queries)","1","Fluid Heading","true","60","web","https://www.youtube.com/watch?v=2rlWBZ17Wes","https://www.youtube.com/watch?v=2rlWBZ17Wes","video","0","AVAILABLE","PLAYER_LOADED","PLAYED","PLAYED","Learn how to use Media queries & Container queries","Kevin Powell","Container-query recording; clamp-based fluid heading task coverage UNVERIFIED.","UNVERIFIED","Instructor inspects segment/captions, checks prerequisites and runner, and solves assessment from declared lesson material.","[]"
"WEB5-ADV","Advanced CSS and Web Development","web-advanced","3","7","Advanced Transitions & Keyframe Animations","1","Staggered List","true","60","web","https://www.youtube.com/watch?v=y8-F5-2EIcg","https://www.youtube.com/watch?v=y8-F5-2EIcg","video","0","AVAILABLE","PLAYER_LOADED","PLAYED","PLAYED","10 CSS animation tips and tricks","Kevin Powell","Timing functions/animation material; inspect delay/stagger sequence.","UNVERIFIED","Instructor inspects segment/captions, checks prerequisites and runner, and solves assessment from declared lesson material.","[]"
"WEB5-ADV","Advanced CSS and Web Development","web-advanced","3","8","Transforms, 3D & Perspective","1","Flip Card","true","60","web","https://www.youtube.com/watch?v=viH8LeLP6_c","https://www.youtube.com/watch?v=viH8LeLP6_c","video","0","AVAILABLE","PLAYER_LOADED","PLAYED","PLAYED","3D Transform a Card with CSS","Before Semicolon","Provider title/topic screened; full explanation/example/assignment coverage UNVERIFIED because no usable transcript was returned. Inspect segment and solve the assignment.","UNVERIFIED","Instructor inspects segment/captions, checks prerequisites and runner, and solves assessment from declared lesson material.","[]"
"WEB5-ADV","Advanced CSS and Web Development","web-advanced","3","9","Gradients, Filters & Blend Modes","1","Glass Panel","true","60","web","https://www.youtube.com/watch?v=4kWHW7da4U8","https://www.youtube.com/watch?v=4kWHW7da4U8","video","0","AVAILABLE","PLAYER_LOADED","PLAYED","PLAYED","CSS Gradients and repeating gradients","Kevin Powell","Gradient material; backdrop-filter/glass effect coverage UNVERIFIED.","UNVERIFIED","Instructor inspects segment/captions, checks prerequisites and runner, and solves assessment from declared lesson material.","[]"
"WEB5-ADV","Advanced CSS and Web Development","web-advanced","4","10","Sass / SCSS (variables, nesting, mixins)","1","Mixin Reuse","true","60","web","https://www.youtube.com/watch?v=roywYSEPSvc","https://www.youtube.com/watch?v=roywYSEPSvc","video","0","AVAILABLE","PLAYER_LOADED","PLAYED","PLAYED","Learn Sass in this Free Crash Course - Give your CSS Superpowers!","DesignCourse","Sass task needs compiler/build step beyond HTML preview; practical setup UNVERIFIED.","UNVERIFIED","Instructor inspects segment/captions, checks prerequisites and runner, and solves assessment from declared lesson material.","[]"
"WEB5-ADV","Advanced CSS and Web Development","web-advanced","4","11","Tailwind CSS (Utility-First Framework)","1","Utility Card","true","60","web","https://www.youtube.com/watch?v=mr15Xzb1Ook","https://www.youtube.com/watch?v=mr15Xzb1Ook","video","0","AVAILABLE","PLAYER_LOADED","PLAYED","PLAYED","Tailwind in 100 Seconds","Fireship","100-second Tailwind overview; verify working dependency/setup and task example.","UNVERIFIED","Instructor inspects segment/captions, checks prerequisites and runner, and solves assessment from declared lesson material.","[]"
"WEB5-ADV","Advanced CSS and Web Development","web-advanced","4","12","Build Tools & CSS Optimization","1","Minify Pass","true","60","web","https://www.youtube.com/watch?v=WhCXiEwdU1A","https://www.youtube.com/watch?v=WhCXiEwdU1A","video","0","AVAILABLE","PLAYER_LOADED","PLAYED","PLAYED","PostCSS in 100 Seconds","Fireship","100-second PostCSS overview; verify usable minification toolchain and task example.","UNVERIFIED","Instructor inspects segment/captions, checks prerequisites and runner, and solves assessment from declared lesson material.","[]"
"WEB5-ADV","Advanced CSS and Web Development","web-advanced","5","13","Web Accessibility (a11y)","1","Focus Ring","true","60","web","https://www.youtube.com/watch?v=qr0ujkLLgmE","https://www.youtube.com/watch?v=qr0ujkLLgmE","video","0","AVAILABLE","UNVERIFIED","UNVERIFIED","PLAYED","Getting started with web accessibility with Ashlee Boyer","Kevin Powell","Provider title/topic screened; full explanation/example/assignment coverage UNVERIFIED because no usable transcript was returned. Inspect segment and solve the assignment.","UNVERIFIED","Instructor inspects segment/captions, checks prerequisites and runner, and solves assessment from declared lesson material.","[]"
"WEB5-ADV","Advanced CSS and Web Development","web-advanced","5","14","Performance, SEO & Core Web Vitals","1","Lazy Images","true","60","web","https://www.youtube.com/watch?v=cGiSr0MilsI","https://www.youtube.com/watch?v=cGiSr0MilsI","video","0","AVAILABLE","PLAYER_LOADED","PLAYED","PLAYED","Core Web Vitals Explained: LCP, INP & CLS","I Code It","Core Web Vitals overview; verify concrete loading=lazy implementation.","UNVERIFIED","Instructor inspects segment/captions, checks prerequisites and runner, and solves assessment from declared lesson material.","[]"
"WEB5-ADV","Advanced CSS and Web Development","web-advanced","5","15","Version Control & Deployment","1","First Deploy","true","60","web","https://www.youtube.com/watch?v=hwP7WQkmECE","https://www.youtube.com/watch?v=hwP7WQkmECE","video","0","AVAILABLE","PLAYER_LOADED","PLAYED","PLAYED","Git Explained in 100 Seconds","Fireship","Git overview does not establish actual hosting deployment; add inspected deployment walkthrough.","UNVERIFIED","Instructor inspects segment/captions, checks prerequisites and runner, and solves assessment from declared lesson material.","[]"