"url","id","checked_at","availability","embedding","playback","relevance","http","title","author","duration_seconds","provider_status","transcript_bytes","transcript_http","playback_start","playback_end","playback_reason","app_playback","app_checked_at","original_lessons","current_lessons","full_content_coverage"
"https://www.youtube.com/watch?v=h4VBpylsjJc","h4VBpylsjJc","2026-09-09T17:47:45.526Z","AVAILABLE","PLAYER_LOADED","UNVERIFIED","UNVERIFIED","200","#2: C Variables and Print Output | [2025] C Programming for Beginners","Programiz","550","OK","0","200","0","0","Media time did not advance in the short observation window.","PLAYED","2026-09-10T04:35:10.816Z","[""fc01-c-basics/2"",""fc01-c-basics/3""]","[""fc01-c-basics/2"",""fc01-c-basics/3""]","UNVERIFIED"
"https://www.youtube.com/watch?v=sARaqR0hRI4","sARaqR0hRI4","2026-09-09T17:47:45.684Z","AVAILABLE","PLAYER_LOADED","PLAYED","UNVERIFIED","200","#3: Data Types in C Programming | [2025] C Programming for Beginners","Programiz","587","OK","0","200","0","4.37037","","UNVERIFIED","2026-09-10T04:35:10.855Z","[""fc01-c-basics/4""]","[""fc01-c-basics/4""]","UNVERIFIED"
"https://www.youtube.com/watch?v=KnvbUiSxvbM","KnvbUiSxvbM","2026-09-09T17:47:45.375Z","AVAILABLE","PLAYER_LOADED","PLAYED","UNVERIFIED","200","#1: Getting Started with C Programming [2025] | C Programming for Beginners","Programiz","353","OK","0","200","0","3.674066","","PLAYED","2026-09-10T04:35:16.279Z","[""fc01-c-basics/1""]","[""fc01-c-basics/1""]","UNVERIFIED"
"https://www.youtube.com/watch?v=iLZOL-hmr7M","iLZOL-hmr7M","2026-09-09T17:48:07.712Z","AVAILABLE","PLAYER_LOADED","UNVERIFIED","UNVERIFIED","200","C format specifiers 🔧","Bro Code","195","OK","0","200","0","0","Media time did not advance in the short observation window.","UNVERIFIED","2026-09-10T04:40:23.515Z","[""fc01-c-basics/6""]","[""fc01-c-basics/6""]","UNVERIFIED"
"https://www.youtube.com/watch?v=aIQk1O08zpg","aIQk1O08zpg","2026-09-09T17:48:06.136Z","AVAILABLE","PLAYER_LOADED","PLAYED","UNVERIFIED","200","C variables 💰","Bro Code","450","OK","0","200","0.02","2.469724","","UNVERIFIED","2026-09-10T04:40:23.554Z","[""fc01-c-basics/5""]","[""fc01-c-basics/5""]","UNVERIFIED"
"https://www.youtube.com/watch?v=17gp5DJEyiw","17gp5DJEyiw","2026-09-09T17:48:12.374Z","AVAILABLE","PLAYER_LOADED","PLAYED","UNVERIFIED","200","#4: Get User Input in C Programming","Programiz","419","OK","0","200","0.321242","4.568173","","PLAYED","2026-09-10T04:40:37.756Z","[""fc01-c-basics/7""]","[""fc01-c-basics/7""]","UNVERIFIED"
"https://www.youtube.com/watch?v=_57FcSBtJNU","_57FcSBtJNU","2026-09-09T17:48:20.790Z","AVAILABLE","PLAYER_LOADED","PLAYED","UNVERIFIED","200","#6: C Operators | [2025] C Programming for Beginners","Programiz","713","OK","0","200","0.050168","2.559071","","PLAYED","2026-09-10T04:40:37.880Z","[""fc01-c-basics/8""]","[""fc01-c-basics/8""]","UNVERIFIED"
"https://www.youtube.com/watch?v=xyQrVEFz9kw","xyQrVEFz9kw","2026-09-09T17:48:26.647Z","AVAILABLE","PLAYER_LOADED","PLAYED","UNVERIFIED","200","C if statements ✔️","Bro Code","246","OK","0","200","0","1.649254","","PLAYED","2026-09-10T04:40:42.513Z","[""fc01-c-basics/9""]","[""fc01-c-basics/9""]","UNVERIFIED"
"https://www.youtube.com/watch?v=iD05HmGLZXc","iD05HmGLZXc","2026-09-09T17:48:27.389Z","AVAILABLE","PLAYER_LOADED","PLAYED","UNVERIFIED","200","If Statement Best Practice | C Programming Tutorial","Portfolio Courses","254","OK","0","200","0.07889","3.989179","","PLAYED","2026-09-10T04:40:43.526Z","[""fc01-c-basics/10""]","[""fc01-c-basics/10""]","UNVERIFIED"
"https://www.youtube.com/watch?v=b4DPj0XAfSg","b4DPj0XAfSg","2026-09-09T17:48:34.333Z","AVAILABLE","PLAYER_LOADED","PLAYED","UNVERIFIED","200","C for loops in 3 minutes! 🔁","Bro Code","202","OK","0","200","0","2.037828","","PLAYED","2026-09-10T04:40:46.958Z","[""fc01-c-basics/11""]","[""fc01-c-basics/11""]","UNVERIFIED"
"https://www.youtube.com/watch?v=qUPXsPtWGoY","qUPXsPtWGoY","2026-09-09T17:48:37.964Z","AVAILABLE","PLAYER_LOADED","PLAYED","UNVERIFIED","200","for and while Loops","Neso Academy","409","OK","0","200","0","1.483369","","PLAYED","2026-09-10T04:40:48.157Z","[""fc01-c-basics/12"",""fc01-c-basics/13""]","[""fc01-c-basics/12"",""fc01-c-basics/13""]","UNVERIFIED"
"https://www.youtube.com/watch?v=vc9A6HdrTz4","vc9A6HdrTz4","2026-09-09T17:48:43.703Z","AVAILABLE","PLAYER_LOADED","PLAYED","UNVERIFIED","200","C function prototypes 🤖","Bro Code","277","OK","0","200","0","1.544801","","PLAYED","2026-09-10T04:40:51.194Z","[""fc01-c-basics/14""]","[""fc01-c-basics/14""]","UNVERIFIED"
"https://www.youtube.com/watch?v=7VM571tSKC0","7VM571tSKC0","2026-09-09T17:48:45.738Z","AVAILABLE","PLAYER_LOADED","PLAYED","UNVERIFIED","200","C arguments 📧","Bro Code","233","OK","0","200","0","1.906268","","PLAYED","2026-09-10T04:40:53.659Z","[""fc01-c-basics/15""]","[""fc01-c-basics/15""]","UNVERIFIED"
"https://www.youtube.com/watch?v=7Bq87y7eJEg","7Bq87y7eJEg","2026-09-09T17:48:46.438Z","AVAILABLE","PLAYER_LOADED","PLAYED","UNVERIFIED","200","Functions in C are easy! 📞","Bro Code","596","OK","0","200","0","0.966346","","PLAYED","2026-09-10T04:40:55.526Z","[""fc01-c-basics/16""]","[""fc01-c-basics/16""]","UNVERIFIED"
"https://www.youtube.com/watch?v=S3nx34WFXjI","S3nx34WFXjI","2026-09-09T17:48:52.574Z","AVAILABLE","PLAYER_LOADED","PLAYED","UNVERIFIED","200","C++ tutorial for beginners 👨‍💻","Bro Code","840","OK","0","200","0","2.324151","","PLAYED","2026-09-10T04:40:57.701Z","[""fc02-cpp-objects/1"",""fc02-cpp-objects/10""]","[""fc02-cpp-objects/1"",""fc02-cpp-objects/10""]","UNVERIFIED"
"https://www.youtube.com/watch?v=18c3MTX0PK0","18c3MTX0PK0","2026-09-09T17:48:53.312Z","AVAILABLE","PLAYER_LOADED","PLAYED","UNVERIFIED","200","Welcome to C++","The Cherno","424","OK","0","200","0","1.954409","","PLAYED","2026-09-10T04:41:00.069Z","[""fc02-cpp-objects/2""]","[""fc02-cpp-objects/2""]","UNVERIFIED"
"https://www.youtube.com/watch?v=vkALQRM5NNU","vkALQRM5NNU","2026-09-09T17:48:54.097Z","AVAILABLE","PLAYER_LOADED","PLAYED","UNVERIFIED","200","C++ User Input Explained (How Input Handling Works Step by Step)","Doji Creates","349","OK","0","200","0.12912","3.996126","","PLAYED","2026-09-10T04:41:01.757Z","[""fc02-cpp-objects/3""]","[""fc02-cpp-objects/3""]","UNVERIFIED"
"https://www.youtube.com/watch?v=QANQHxx9I8Y","QANQHxx9I8Y","2026-09-09T17:49:00.643Z","AVAILABLE","PLAYER_LOADED","PLAYED","UNVERIFIED","200","C++ variables & data types (#3) ✖️","Bro Code","920","OK","0","200","0","1.49632","","PLAYED","2026-09-10T04:41:04.607Z","[""fc02-cpp-objects/4""]","[""fc02-cpp-objects/4""]","UNVERIFIED"
"https://www.youtube.com/watch?v=3rDp0yOACZQ","3rDp0yOACZQ","2026-09-09T17:49:01.012Z","AVAILABLE","PLAYER_LOADED","UNVERIFIED","UNVERIFIED","200","C++ Programming Language Tutorial | Strings in C++ | GeeksforGeeks","GeeksforGeeks","284","OK","0","200","0","0","Media time did not advance in the short observation window.","PLAYED","2026-09-10T04:41:05.889Z","[""fc02-cpp-objects/5""]","[""fc02-cpp-objects/5""]","UNVERIFIED"
"https://www.youtube.com/watch?v=jRXFJJN1Va4","jRXFJJN1Va4","2026-09-09T17:49:04.932Z","AVAILABLE","PLAYER_LOADED","PLAYED","UNVERIFIED","200","Beginner’s Guide to Vectors in C++: Everything You Need to Know","C++ Better Explained","643","OK","0","200","0","0.949504","","PLAYED","2026-09-10T04:41:09.659Z","[""fc02-cpp-objects/6""]","[""fc02-cpp-objects/6""]","UNVERIFIED"
"https://www.youtube.com/watch?v=IzoFn3dfsPA","IzoFn3dfsPA","2026-09-09T17:49:08.784Z","AVAILABLE","PLAYER_LOADED","PLAYED","UNVERIFIED","200","REFERENCES in C++","The Cherno","612","OK","0","200","0","0.683853","","PLAYED","2026-09-10T04:41:10.155Z","[""fc02-cpp-objects/8""]","[""fc02-cpp-objects/8""]","UNVERIFIED"
"https://www.youtube.com/watch?v=qnEUB25TRaY","qnEUB25TRaY","2026-09-09T17:49:08.660Z","AVAILABLE","PLAYER_LOADED","PLAYED","UNVERIFIED","200","C++ 'for each' loop explained 🗂️","Bro Code","176","OK","0","200","0","0.829413","","PLAYED","2026-09-10T04:41:13.708Z","[""fc02-cpp-objects/7""]","[""fc02-cpp-objects/7""]","UNVERIFIED"
"https://www.youtube.com/watch?v=5z3KEX9AZEQ","5z3KEX9AZEQ","2026-09-09T17:49:16.411Z","AVAILABLE","PLAYER_LOADED","PLAYED","UNVERIFIED","200","C++ CONSTRUCTORS explained easy 👷","Bro Code","535","OK","0","200","0","2.162601","","PLAYED","2026-09-10T04:41:15.642Z","[""fc02-cpp-objects/11""]","[""fc02-cpp-objects/11""]","UNVERIFIED"
"https://www.youtube.com/watch?v=vKTYM-DJDiw","vKTYM-DJDiw","2026-09-09T17:49:12.767Z","AVAILABLE","PLAYER_LOADED","PLAYED","UNVERIFIED","200","C++ user defined functions (#15) 📬","Bro Code","1033","OK","0","200","0","2.092026","","PLAYED","2026-09-10T04:41:17.707Z","[""fc02-cpp-objects/9""]","[""fc02-cpp-objects/9""]","UNVERIFIED"
"https://www.youtube.com/watch?v=f2IrG1JabSg","f2IrG1JabSg","2026-09-09T17:49:16.864Z","AVAILABLE","PLAYER_LOADED","UNVERIFIED","UNVERIFIED","200","C++ Data Hiding, Setters, and Getters","Kenny Yip Coding","444","OK","0","200","0","0","Media time did not advance in the short observation window.","PLAYED","2026-09-10T04:41:21.356Z","[""fc02-cpp-objects/12""]","[""fc02-cpp-objects/12""]","UNVERIFIED"
"https://www.youtube.com/watch?v=kqtD5dpn9C8","kqtD5dpn9C8","2026-09-09T17:49:24.985Z","AVAILABLE","PLAYER_LOADED","PLAYED","UNVERIFIED","200","Python for Beginners - Learn Coding with Python in 1 Hour","Programming with Mosh","3606","OK","0","200","0","1.932006","","PLAYED","2026-09-10T04:41:21.938Z","[""cs104-python/1""]","[""cs104-python/1"",""cs104-python/3""]","UNVERIFIED"
"https://www.youtube.com/watch?v=cQT33yu9pY8","cQT33yu9pY8","2026-09-09T17:49:25.119Z","AVAILABLE","PLAYER_LOADED","PLAYED","UNVERIFIED","200","Python Variables - Python Tutorial for Beginners with Examples | Mosh","Programming with Mosh","395","OK","0","200","0","1.40547","","PLAYED","2026-09-10T04:41:25.547Z","[""cs104-python/2""]","[""cs104-python/2""]","UNVERIFIED"
"https://www.youtube.com/watch?v=61a7UkDO50s","61a7UkDO50s","2026-09-09T17:49:25.698Z","AVAILABLE","PLAYER_LOADED","PLAYED","UNVERIFIED","200","Python Programming Course in Hindi (Advanced) 🔥","CodeWithHarry","12230","OK","","","0","1.982893","","PLAYED","2026-09-10T04:41:26.177Z","[""cs104-python/3""]","[]","UNVERIFIED"
"https://www.youtube.com/watch?v=DZwmZ8Usvnk","DZwmZ8Usvnk","2026-09-09T17:49:34.215Z","AVAILABLE","PLAYER_LOADED","PLAYED","UNVERIFIED","200","Python Tutorial for Beginners 6: Conditionals and Booleans - If, Else, and Elif Statements","Corey Schafer","988","OK","0","200","0","2.215676","","PLAYED","2026-09-10T04:41:29.925Z","[""cs104-python/5""]","[""cs104-python/5""]","UNVERIFIED"
"https://www.youtube.com/watch?v=k9TUPpGqYTo","k9TUPpGqYTo","2026-09-09T17:49:32.736Z","AVAILABLE","PLAYER_LOADED","PLAYED","UNVERIFIED","200","Python Tutorial for Beginners 2: Strings - Working with Textual Data","Corey Schafer","1271","OK","0","200","0","3.782112","","PLAYED","2026-09-10T04:41:30.660Z","[""cs104-python/4"",""cs105-javascript/5""]","[""cs104-python/4""]","UNVERIFIED"
"https://www.youtube.com/watch?v=6iF8Xb7Z3wQ","6iF8Xb7Z3wQ","2026-09-09T17:49:42.499Z","AVAILABLE","PLAYER_LOADED","PLAYED","UNVERIFIED","200","Python Tutorial for Beginners 7: Loops and Iterations - For/While Loops","Corey Schafer","614","OK","0","200","0","1.452566","","PLAYED","2026-09-10T04:41:34.404Z","[""cs104-python/6"",""cs105-javascript/6""]","[""cs104-python/6""]","UNVERIFIED"
"https://www.youtube.com/watch?v=daefaLgNkw0","daefaLgNkw0","2026-09-09T17:49:43.683Z","AVAILABLE","PLAYER_LOADED","PLAYED","UNVERIFIED","200","Python Tutorial for Beginners 5: Dictionaries - Working with Key-Value Pairs","Corey Schafer","599","OK","0","200","0","0.965969","","PLAYED","2026-09-10T04:41:35.413Z","[""cs104-python/9""]","[""cs104-python/9""]","UNVERIFIED"
"https://www.youtube.com/watch?v=W8KRzm-HUcc","W8KRzm-HUcc","2026-09-09T17:49:43.389Z","AVAILABLE","PLAYER_LOADED","PLAYED","UNVERIFIED","200","Python Tutorial for Beginners 4: Lists, Tuples, and Sets","Corey Schafer","1744","OK","","","0","2.007991","","PLAYED","2026-09-10T04:41:39.047Z","[""cs104-python/7"",""cs104-python/8""]","[""cs104-python/7"",""cs104-python/8""]","UNVERIFIED"
"https://www.youtube.com/watch?v=9Os0o3wzS_I","9Os0o3wzS_I","2026-09-09T17:49:51.809Z","AVAILABLE","PLAYER_LOADED","PLAYED","UNVERIFIED","200","Python Tutorial for Beginners 8: Functions","Corey Schafer","1307","OK","0","200","0","2.154904","","PLAYED","2026-09-10T04:41:39.275Z","[""cs104-python/10""]","[""cs104-python/10""]","UNVERIFIED"
"https://www.youtube.com/watch?v=Vh__2V2tXUM","Vh__2V2tXUM","2026-09-09T17:49:52.392Z","AVAILABLE","PLAYER_LOADED","PLAYED","UNVERIFIED","200","Python *ARGS & **KWARGS are awesome! 📦","Bro Code","894","OK","0","200","0","2.23304","","PLAYED","2026-09-10T04:41:42.969Z","[""cs104-python/11""]","[""cs104-python/11""]","UNVERIFIED"
"https://www.youtube.com/watch?v=ZDa-Z5JzLYM","ZDa-Z5JzLYM","2026-09-09T17:49:59.256Z","AVAILABLE","PLAYER_LOADED","PLAYED","UNVERIFIED","200","Python OOP Tutorial 1: Classes and Instances","Corey Schafer","924","OK","0","200","0","2.226052","","PLAYED","2026-09-10T04:41:43.458Z","[""cs104-python/13""]","[""cs104-python/13""]","UNVERIFIED"
"https://www.youtube.com/watch?v=RSl87lqOXDE","RSl87lqOXDE","2026-09-09T17:50:01.173Z","AVAILABLE","PLAYER_LOADED","PLAYED","UNVERIFIED","200","Python OOP Tutorial 4: Inheritance - Creating Subclasses","Corey Schafer","1180","OK","0","200","0","1.964256","","PLAYED","2026-09-10T04:41:47.162Z","[""cs104-python/14""]","[""cs104-python/14""]","UNVERIFIED"
"https://www.youtube.com/watch?v=25ovCm9jKfA","25ovCm9jKfA","2026-09-09T17:49:58.251Z","AVAILABLE","PLAYER_LOADED","PLAYED","UNVERIFIED","200","Lambda Expressions & Anonymous Functions ||  Python Tutorial  ||  Learn Python Programming","Socratica","367","OK","","","0","1.751017","","PLAYED","2026-09-10T04:41:47.462Z","[""cs104-python/12""]","[""cs104-python/12""]","UNVERIFIED"
"https://www.youtube.com/watch?v=W6NZfCO5SIk","W6NZfCO5SIk","2026-09-09T17:50:08.626Z","AVAILABLE","PLAYER_LOADED","PLAYED","UNVERIFIED","200","JavaScript Course for Beginners – Your First Step to Web Development","Programming with Mosh","2897","OK","0","200","0","4.00311","","PLAYED","2026-09-10T04:41:51.360Z","[""cs105-javascript/1""]","[""cs105-javascript/1""]","UNVERIFIED"
"https://www.youtube.com/watch?v=9M4XKi25I2M","9M4XKi25I2M","2026-09-09T17:50:14.109Z","AVAILABLE","PLAYER_LOADED","PLAYED","UNVERIFIED","200","JavaScript Programming All-in-One Tutorial Series (9 HOURS!)","Caleb Curry","32043","OK","","","0","2.02912","","PLAYED","2026-09-10T04:41:51.742Z","[""cs105-javascript/2""]","[""cs105-javascript/2"",""cs105-javascript/5"",""cs105-javascript/6""]","UNVERIFIED"
"https://www.youtube.com/watch?v=Uh2ebFW8OYM","Uh2ebFW8OYM","2026-09-09T17:50:07.345Z","AVAILABLE","PLAYER_LOADED","PLAYED","UNVERIFIED","200","Python Tutorial: File Objects - Reading and Writing to Files","Corey Schafer","1473","OK","","","0","2.017807","","PLAYED","2026-09-10T04:41:55.560Z","[""cs104-python/15""]","[""cs104-python/15""]","UNVERIFIED"
"https://www.youtube.com/watch?v=jLRnuVHwHKk","jLRnuVHwHKk","2026-09-09T17:50:18.434Z","AVAILABLE","PLAYER_LOADED","PLAYED","UNVERIFIED","200","Learn JavaScript TYPE CONVERSION in 5 minutes! 💱","Bro Code","340","OK","0","200","0","3.663863","","PLAYED","2026-09-10T04:41:55.709Z","[""cs105-javascript/3""]","[""cs105-javascript/3""]","UNVERIFIED"
"https://www.youtube.com/watch?v=G3BS3sh3D8Q","G3BS3sh3D8Q","2026-09-09T17:50:22.019Z","AVAILABLE","PLAYER_LOADED","PLAYED","UNVERIFIED","200","JavaScript Array Map","Programming with Mosh","526","OK","0","200","0","1.627897","","PLAYED","2026-09-10T04:41:59.575Z","[""cs105-javascript/7""]","[""cs105-javascript/7""]","UNVERIFIED"
"https://www.youtube.com/watch?v=kVOmc7NK1M0","kVOmc7NK1M0","2026-09-09T17:50:21.495Z","AVAILABLE","PLAYER_LOADED","PLAYED","UNVERIFIED","200","== vs === - Beau teaches JavaScript","freeCodeCamp.org","185","OK","0","200","0","1.614094","","PLAYED","2026-09-10T04:41:59.944Z","[""cs105-javascript/4""]","[""cs105-javascript/4""]","UNVERIFIED"
"https://www.youtube.com/watch?v=UgEaJBz3bjY","UgEaJBz3bjY","2026-09-09T17:50:28.172Z","AVAILABLE","PLAYER_LOADED","PLAYED","UNVERIFIED","200","JS Destructuring in 100 Seconds","Fireship","211","OK","0","200","0","2.139206","","PLAYED","2026-09-10T04:42:03.546Z","[""cs105-javascript/8""]","[""cs105-javascript/8""]","UNVERIFIED"
"https://www.youtube.com/watch?v=iiADhChRriM","iiADhChRriM","2026-09-09T17:50:30.129Z","AVAILABLE","PLAYER_LOADED","PLAYED","UNVERIFIED","200","Learn JSON in 10 Minutes","Web Dev Simplified","720","OK","0","200","0","1.605664","","PLAYED","2026-09-10T04:42:04.124Z","[""cs105-javascript/9""]","[""cs105-javascript/9""]","UNVERIFIED"
"https://www.youtube.com/watch?v=h33Srr5J9nY","h33Srr5J9nY","2026-09-09T17:50:30.229Z","AVAILABLE","PLAYER_LOADED","PLAYED","UNVERIFIED","200","JavaScript ES6 Arrow Functions Tutorial","Web Dev Simplified","572","OK","0","200","0","1.681286","","PLAYED","2026-09-10T04:42:07.610Z","[""cs105-javascript/10""]","[""cs105-javascript/10""]","UNVERIFIED"
"https://www.youtube.com/watch?v=3a0I8ICR1Vg","3a0I8ICR1Vg","2026-09-09T17:50:36.501Z","AVAILABLE","PLAYER_LOADED","PLAYED","UNVERIFIED","200","Learn Closures In 7 Minutes","Web Dev Simplified","415","OK","0","200","0","2.287919","","PLAYED","2026-09-10T04:42:08.512Z","[""cs105-javascript/11""]","[""cs105-javascript/11""]","UNVERIFIED"
"https://www.youtube.com/watch?v=8EW_AZRPxXM","8EW_AZRPxXM","2026-09-09T17:50:37.955Z","AVAILABLE","PLAYER_LOADED","PLAYED","UNVERIFIED","200","JavaScript HIGHER ORDER FUNCTIONS Simplified","Deeecode","288","OK","0","200","0","1.827884","","PLAYED","2026-09-10T04:42:11.669Z","[""cs105-javascript/12""]","[""cs105-javascript/12""]","UNVERIFIED"
"https://www.youtube.com/watch?v=8aGhZQkoFbQ","8aGhZQkoFbQ","2026-09-09T17:50:38.212Z","AVAILABLE","PLAYER_LOADED","PLAYED","UNVERIFIED","200","What the heck is the event loop anyway? | Philip Roberts | JSConf EU","JSConf","1612","OK","0","200","0","2.068882","","PLAYED","2026-09-10T04:42:12.458Z","[""cs105-javascript/13"",""js-advanced/7""]","[""cs105-javascript/13"",""js-advanced/7""]","UNVERIFIED"
"https://www.youtube.com/watch?v=DHvZLI7Db8E","DHvZLI7Db8E","2026-09-09T17:50:45.508Z","AVAILABLE","PLAYER_LOADED","PLAYED","UNVERIFIED","200","JavaScript Promises In 10 Minutes","Web Dev Simplified","691","OK","0","200","0","2.011978","","PLAYED","2026-09-10T04:42:15.906Z","[""cs105-javascript/14"",""js-advanced/10""]","[""cs105-javascript/14"",""js-advanced/10""]","UNVERIFIED"
"https://www.youtube.com/watch?v=V_Kr9OSfDeU","V_Kr9OSfDeU","2026-09-09T17:50:45.889Z","AVAILABLE","PLAYER_LOADED","PLAYED","UNVERIFIED","200","JavaScript Async Await","Web Dev Simplified","451","OK","0","200","0","0.748087","","PLAYED","2026-09-10T04:42:16.573Z","[""cs105-javascript/15""]","[""cs105-javascript/15""]","UNVERIFIED"
"https://www.youtube.com/watch?v=X4sClFRMJ00","X4sClFRMJ00","2026-09-09T17:50:46.346Z","AVAILABLE","PLAYER_LOADED","PLAYED","UNVERIFIED","200","HTML & CSS for Absolute Beginners: What is HTML?","Kevin Powell","456","OK","0","200","0.018884","2.932863","","PLAYED","2026-09-10T04:42:20.308Z","[""cs106-html-css/1""]","[""cs106-html-css/1""]","UNVERIFIED"
"https://www.youtube.com/watch?v=m61h9YEB1fw","m61h9YEB1fw","2026-09-09T17:50:54.425Z","AVAILABLE","PLAYER_LOADED","PLAYED","UNVERIFIED","200","HTML & CSS for Absolute Beginners: HTML Lists (ol and ul)","Kevin Powell","373","OK","0","200","0","2.080853","","PLAYED","2026-09-10T04:42:20.757Z","[""cs106-html-css/2""]","[""cs106-html-css/2""]","UNVERIFIED"
"https://www.youtube.com/watch?v=t-G8GgRA5Yw","t-G8GgRA5Yw","2026-09-09T17:50:54.496Z","AVAILABLE","PLAYER_LOADED","PLAYED","UNVERIFIED","200","HTML & CSS for Absolute Beginners: Images","Kevin Powell","756","OK","0","200","0","1.862912","","PLAYED","2026-09-10T04:42:24.259Z","[""cs106-html-css/3""]","[""cs106-html-css/3""]","UNVERIFIED"
"https://www.youtube.com/watch?v=YOsMJQfwqow","YOsMJQfwqow","2026-09-09T17:50:55.929Z","AVAILABLE","PLAYER_LOADED","PLAYED","UNVERIFIED","200","HTML & CSS for Absolute Beginners: Semantic HTML","Kevin Powell","572","OK","0","200","0","0.958312","","PLAYED","2026-09-10T04:42:25.429Z","[""cs106-html-css/4""]","[""cs106-html-css/4""]","UNVERIFIED"
"https://www.youtube.com/watch?v=phkB7Aj3Klw","phkB7Aj3Klw","2026-09-09T17:51:01.679Z","AVAILABLE","PLAYER_LOADED","UNVERIFIED","UNVERIFIED","200","How to Organize HTML Tables with Caption, Thead, Tbody, and Tfoot","AltCampus","752","OK","0","200","0","0","Media time did not advance in the short observation window.","PLAYED","2026-09-10T04:42:28.556Z","[""cs106-html-css/5""]","[""cs106-html-css/5""]","UNVERIFIED"
"https://www.youtube.com/watch?v=QhMTPAbea_k","QhMTPAbea_k","2026-09-09T17:51:03.728Z","AVAILABLE","PLAYER_LOADED","PLAYED","UNVERIFIED","200","HTML & CSS for Absolute Beginners: Intro to CSS","Kevin Powell","55","OK","0","200","0","1.347908","","PLAYED","2026-09-10T04:42:29.453Z","[""cs106-html-css/7""]","[""cs106-html-css/7""]","UNVERIFIED"
"https://www.youtube.com/watch?v=fNcJuPIZ2WE","fNcJuPIZ2WE","2026-09-09T17:51:03.447Z","AVAILABLE","PLAYER_LOADED","PLAYED","UNVERIFIED","200","Learn HTML Forms In 25 Minutes","Web Dev Simplified","1495","OK","0","200","0","2.165521","","PLAYED","2026-09-10T04:42:32.606Z","[""cs106-html-css/6""]","[""cs106-html-css/6""]","UNVERIFIED"
"https://www.youtube.com/watch?v=D_akuQHIPtg","D_akuQHIPtg","2026-09-09T17:51:11.205Z","AVAILABLE","PLAYER_LOADED","UNVERIFIED","UNVERIFIED","200","HTML & CSS for Absolute Beginners: The box model - width, height, inline-size, block-size","Kevin Powell","565","OK","0","200","0","0.479418","Media time did not advance in the short observation window.","PLAYED","2026-09-10T04:42:33.424Z","[""cs106-html-css/9""]","[""cs106-html-css/9""]","UNVERIFIED"
"https://www.youtube.com/watch?v=fF_NVrd1s14","fF_NVrd1s14","2026-09-09T17:51:11.425Z","AVAILABLE","PLAYER_LOADED","PLAYED","UNVERIFIED","200","CSS position deep dive","Kevin Powell","1694","OK","0","200","0","0.826296","","PLAYED","2026-09-10T04:42:37.309Z","[""cs106-html-css/10""]","[""cs106-html-css/10""]","UNVERIFIED"
"https://www.youtube.com/watch?v=dHbYcAncAgQ","dHbYcAncAgQ","2026-09-09T17:51:09.614Z","AVAILABLE","PLAYER_LOADED","UNVERIFIED","UNVERIFIED","200","px vs rem: what to use for font-size in your CSS","Coder Coder","971","OK","0","200","0","0","Media time did not advance in the short observation window.","PLAYED","2026-09-10T04:42:37.554Z","[""cs106-html-css/8""]","[""cs106-html-css/8""]","UNVERIFIED"
"https://www.youtube.com/watch?v=u044iM9xsWU","u044iM9xsWU","2026-09-09T17:51:18.329Z","AVAILABLE","PLAYER_LOADED","PLAYED","UNVERIFIED","200","Learn flexbox the easy way","Kevin Powell","2044","OK","0","200","0","1.773005","","PLAYED","2026-09-10T04:42:41.205Z","[""cs106-html-css/11""]","[""cs106-html-css/11""]","UNVERIFIED"
"https://www.youtube.com/watch?v=8QSqwbSztnA","8QSqwbSztnA","2026-09-09T17:51:19.569Z","AVAILABLE","PLAYER_LOADED","PLAYED","UNVERIFIED","200","Get started with grid WITHOUT being overwhelmed","Kevin Powell","579","OK","0","200","0","2.959248","","PLAYED","2026-09-10T04:42:41.720Z","[""cs106-html-css/12""]","[""cs106-html-css/12""]","UNVERIFIED"
"https://www.youtube.com/watch?v=QGb-W-c-gIM","QGb-W-c-gIM","2026-09-09T17:51:22.698Z","AVAILABLE","PLAYER_LOADED","PLAYED","UNVERIFIED","200","HTML & CSS for Absolute Beginners: Media Query basics - making a layout responsive","Kevin Powell","441","OK","0","200","0","0.845655","","PLAYED","2026-09-10T04:42:45.755Z","[""cs106-html-css/13""]","[""cs106-html-css/13""]","UNVERIFIED"
"https://www.youtube.com/watch?v=Hi-Ul47t3nQ","Hi-Ul47t3nQ","2026-09-09T17:51:31.546Z","AVAILABLE","PLAYER_LOADED","PLAYED","UNVERIFIED","200","Pointers are easy! 👈","Bro Code","487","OK","0","200","0","1.332011","","PLAYED","2026-09-10T04:42:46.254Z","[""c-advanced/1""]","[""c-advanced/1""]","UNVERIFIED"
"https://www.youtube.com/watch?v=X1dz0xRbSJc","X1dz0xRbSJc","2026-09-09T17:51:29.915Z","AVAILABLE","PLAYER_LOADED","PLAYED","UNVERIFIED","200","Build a Modern Landing Page Website | HTML & CSS","Traversy Media","4525","OK","0","200","0.101863","2.584971","","PLAYED","2026-09-10T04:42:49.719Z","[""cs106-html-css/15""]","[""cs106-html-css/15""]","UNVERIFIED"
"https://www.youtube.com/watch?v=y8-F5-2EIcg","y8-F5-2EIcg","2026-09-09T17:51:26.948Z","AVAILABLE","PLAYER_LOADED","PLAYED","UNVERIFIED","200","10 CSS animation tips and tricks","Kevin Powell","1213","OK","0","200","0.01894","2.364011","","PLAYED","2026-09-10T04:42:50.387Z","[""cs106-html-css/14"",""web-advanced/7""]","[""cs106-html-css/14"",""web-advanced/7""]","UNVERIFIED"
"https://www.youtube.com/watch?v=n_Se6bt8jM0","n_Se6bt8jM0","2026-09-09T17:51:43.313Z","AVAILABLE","PLAYER_LOADED","PLAYED","UNVERIFIED","200","Malloc in C is easy! 🏢","Bro Code","571","OK","0","200","0","2.061659","","PLAYED","2026-09-10T04:42:53.940Z","[""c-advanced/4""]","[""c-advanced/4""]","UNVERIFIED"
"https://www.youtube.com/watch?v=d3kd5KbGB48","d3kd5KbGB48","2026-09-09T17:51:43.060Z","AVAILABLE","PLAYER_LOADED","PLAYED","UNVERIFIED","200","Pointers to Pointers in C/C++","mycodeschool","561","OK","0","200","0","0.592002","","PLAYED","2026-09-10T04:42:54.657Z","[""c-advanced/3""]","[""c-advanced/3""]","UNVERIFIED"
"https://www.youtube.com/watch?v=ASVB8KAFypk","ASVB8KAFypk","2026-09-09T17:51:39.754Z","AVAILABLE","PLAYER_LOADED","PLAYED","UNVERIFIED","200","Pointers and arrays","mycodeschool","522","OK","","","0","2.00687","","PLAYED","2026-09-10T04:42:58.023Z","[""c-advanced/2""]","[""c-advanced/2""]","UNVERIFIED"
"https://www.youtube.com/watch?v=eo9vm5n6DBo","eo9vm5n6DBo","2026-09-09T17:51:51.154Z","AVAILABLE","PLAYER_LOADED","PLAYED","UNVERIFIED","200","Dynamic Memory Allocation in C | malloc, calloc, realloc, free Explained with Example | CODE WITH ME","Code with me","239","OK","0","200","0","1.838797","","PLAYED","2026-09-10T04:42:58.621Z","[""c-advanced/5""]","[""c-advanced/5""]","UNVERIFIED"
"https://www.youtube.com/watch?v=1KVpi0VN82E","1KVpi0VN82E","2026-09-09T17:51:51.679Z","AVAILABLE","PLAYER_LOADED","PLAYED","UNVERIFIED","200","Learn C memory addresses in 7 minutes 📬","Bro Code","420","OK","0","200","0.02","2.479733","","PLAYED","2026-09-10T04:43:03.735Z","[""c-advanced/6""]","[""c-advanced/6""]","UNVERIFIED"
"https://www.youtube.com/watch?v=CI9dRTvzgqE","CI9dRTvzgqE","2026-09-09T17:51:56.626Z","AVAILABLE","PLAYER_LOADED","PLAYED","UNVERIFIED","200","C typedef 📛","Bro Code","212","OK","0","200","0","1.20273","","PLAYED","2026-09-10T04:43:04.095Z","[""c-advanced/7""]","[""c-advanced/7""]","UNVERIFIED"
"https://www.youtube.com/watch?v=tGpBOeBtr7w","tGpBOeBtr7w","2026-09-09T17:52:04.581Z","AVAILABLE","PLAYER_LOADED","PLAYED","UNVERIFIED","200","How to turn off a particular bit in a number? | GeeksforGeeks","GeeksforGeeks","177","OK","0","200","0","0.620554","","PLAYED","2026-09-10T04:43:08.153Z","[""c-advanced/9""]","[""c-advanced/9""]","UNVERIFIED"
"https://www.youtube.com/watch?v=UqB4EgUxapM","UqB4EgUxapM","2026-09-09T17:52:07.888Z","AVAILABLE","PLAYER_LOADED","PLAYED","UNVERIFIED","200","C writing files✍️","Bro Code","259","OK","0","200","0.067573","2.355859","","PLAYED","2026-09-10T04:43:08.237Z","[""c-advanced/10""]","[""c-advanced/10""]","UNVERIFIED"
"https://www.youtube.com/watch?v=1fi2CPGcdA8","1fi2CPGcdA8","2026-09-09T17:52:04.166Z","AVAILABLE","PLAYER_LOADED","PLAYED","UNVERIFIED","200","Structs and Pointers to Structs in C -- Engineer Man","Engineer Man","268","OK","0","200","0","3.778833","","PLAYED","2026-09-10T04:43:12.302Z","[""c-advanced/8""]","[""c-advanced/8""]","UNVERIFIED"
"https://www.youtube.com/watch?v=vESy0Up66RU","vESy0Up66RU","2026-09-09T17:52:15.977Z","AVAILABLE","PLAYER_LOADED","PLAYED","UNVERIFIED","200","C Programming:File Handling (fread fwrite block read write) Lab 3","saurabhschool","414","OK","0","200","0","1.980438","","PLAYED","2026-09-10T04:43:12.584Z","[""c-advanced/11""]","[""c-advanced/11""]","UNVERIFIED"
"https://www.youtube.com/watch?v=5HYIFFuGcvk","5HYIFFuGcvk","2026-09-09T17:52:18.339Z","AVAILABLE","PLAYER_LOADED","UNVERIFIED","UNVERIFIED","200","What is INHERITANCE in C++? 👨‍👧‍👧","Bro Code","665","OK","0","200","0","0.32","Media time did not advance in the short observation window.","PLAYED","2026-09-10T04:43:16.398Z","[""cpp-advanced/1""]","[""cpp-advanced/1""]","UNVERIFIED"
"https://www.youtube.com/watch?v=BRsv3ZXoHto","BRsv3ZXoHto","2026-09-09T17:52:17.822Z","AVAILABLE","PLAYER_LOADED","UNVERIFIED","UNVERIFIED","200","Function Pointers in C","Neso Academy","367","OK","","","0","0.203421","Media time did not advance in the short observation window.","PLAYED","2026-09-10T04:43:17.068Z","[""c-advanced/12""]","[""c-advanced/12""]","UNVERIFIED"
"https://www.youtube.com/watch?v=UWAdd13EfM8","UWAdd13EfM8","2026-09-09T17:52:29.389Z","AVAILABLE","PLAYER_LOADED","PLAYED","UNVERIFIED","200","Interfaces in C++ (Pure Virtual Functions)","The Cherno","414","OK","0","200","0.076566","2.986666","","PLAYED","2026-09-10T04:43:20.851Z","[""cpp-advanced/3""]","[""cpp-advanced/3""]","UNVERIFIED"
"https://www.youtube.com/watch?v=FA5bvYW4iUc","FA5bvYW4iUc","2026-09-09T17:52:26.789Z","AVAILABLE","PLAYER_LOADED","PLAYED","UNVERIFIED","200","C++ Pure Virtual Functions, Abstract Classes | Cpp Video Tutorial","LearningLad","518","OK","0","200","0.200636","2.662622","","PLAYED","2026-09-10T04:43:21.602Z","[""cpp-advanced/2""]","[""cpp-advanced/2""]","UNVERIFIED"
"https://www.youtube.com/watch?v=mS9755gF66w","mS9755gF66w","2026-09-09T17:52:29.873Z","AVAILABLE","PLAYER_LOADED","PLAYED","UNVERIFIED","200","OPERATORS and OPERATOR OVERLOADING in C++","The Cherno","763","OK","0","200","0.311252","2.841279","","PLAYED","2026-09-10T04:43:25.189Z","[""cpp-advanced/4""]","[""cpp-advanced/4""]","UNVERIFIED"
"https://www.youtube.com/watch?v=G_UgbP8clOs","G_UgbP8clOs","2026-09-09T17:52:47.024Z","AVAILABLE","UNVERIFIED","UNVERIFIED","UNVERIFIED","200","Deep Copy in C++","Neso Academy","814","OK","0","200","","","","PLAYED","2026-09-10T04:43:25.823Z","[""cpp-advanced/5""]","[""cpp-advanced/5""]","UNVERIFIED"
"https://www.youtube.com/watch?v=I-hZkUa9mIs","I-hZkUa9mIs","2026-09-09T17:52:52.083Z","AVAILABLE","PLAYER_LOADED","UNVERIFIED","UNVERIFIED","200","Templates in C++","The Cherno","1078","OK","0","200","0","0","Media time did not advance in the short observation window.","PLAYED","2026-09-10T04:43:29.487Z","[""cpp-advanced/7""]","[""cpp-advanced/7""]","UNVERIFIED"
"https://www.youtube.com/watch?v=z3QlnTRLNfw","z3QlnTRLNfw","2026-09-09T17:52:50.658Z","AVAILABLE","PLAYER_LOADED","PLAYED","UNVERIFIED","200","C++ Rule of 3/5 and Vectors","Bill Kerney","2749","OK","0","200","0.29909","2.951997","","PLAYED","2026-09-10T04:43:31.362Z","[""cpp-advanced/6""]","[""cpp-advanced/6""]","UNVERIFIED"
"https://www.youtube.com/watch?v=PD8MXD3uVOk","PD8MXD3uVOk","2026-09-09T17:53:09.143Z","AVAILABLE","PLAYER_LOADED","UNVERIFIED","UNVERIFIED","200","C++ Function Templates Tutorial","Professor Hank Stalica","662","OK","0","200","0","0","Media time did not advance in the short observation window.","PLAYED","2026-09-10T04:43:33.887Z","[""cpp-advanced/8""]","[""cpp-advanced/8""]","UNVERIFIED"
"https://www.youtube.com/watch?v=HyhvU5SJTlQ","HyhvU5SJTlQ","2026-09-09T17:53:15.788Z","AVAILABLE","PLAYER_LOADED","UNVERIFIED","UNVERIFIED","200","Sorting - C++ Tutorial (Part 29)","Steve's teacher","615","OK","0","200","0","0","Media time did not advance in the short observation window.","PLAYED","2026-09-10T04:43:35.454Z","[""cpp-advanced/9""]","[""cpp-advanced/9""]","UNVERIFIED"
"https://www.youtube.com/watch?v=UOB7-B2MfwA","UOB7-B2MfwA","2026-09-09T17:53:20.166Z","AVAILABLE","PLAYER_LOADED","UNVERIFIED","UNVERIFIED","200","SMART POINTERS in C++ (std::unique_ptr, std::shared_ptr, std::weak_ptr)","The Cherno","697","OK","0","200","0","0","Media time did not advance in the short observation window.","PLAYED","2026-09-10T04:43:37.852Z","[""cpp-advanced/10"",""cpp-advanced/11""]","[""cpp-advanced/10"",""cpp-advanced/11""]","UNVERIFIED"
"https://www.youtube.com/watch?v=zK8A4Ko53HY","zK8A4Ko53HY","2026-09-09T17:53:25.683Z","AVAILABLE","PLAYER_LOADED","PLAYED","UNVERIFIED","200","C++ 11 Move Semantics: Move Assignment Operator","Knowledge Center","301","OK","","","0.268165","4.313855","","PLAYED","2026-09-10T04:43:39.421Z","[""cpp-advanced/12""]","[""cpp-advanced/12""]","UNVERIFIED"
"https://www.youtube.com/watch?v=Dyu08G2l71c","Dyu08G2l71c","2026-09-09T17:53:27.363Z","AVAILABLE","PLAYER_LOADED","PLAYED","UNVERIFIED","200","#61 Python Tutorial for Beginners | Iterator","Telusko","648","OK","0","200","0","1.590268","","PLAYED","2026-09-10T04:43:41.737Z","[""python-advanced/1""]","[""python-advanced/1""]","UNVERIFIED"
"https://www.youtube.com/watch?v=tmeKsb2Fras","tmeKsb2Fras","2026-09-09T17:53:31.983Z","AVAILABLE","PLAYER_LOADED","UNVERIFIED","UNVERIFIED","200","Python Generators","mCoding","932","OK","0","200","0","0","Media time did not advance in the short observation window.","PLAYED","2026-09-10T04:43:44.020Z","[""python-advanced/2"",""js-advanced/12""]","[""python-advanced/2""]","UNVERIFIED"
"https://www.youtube.com/watch?v=FsAPt_9Bf3U","FsAPt_9Bf3U","2026-09-09T17:53:43.633Z","AVAILABLE","PLAYER_LOADED","PLAYED","UNVERIFIED","200","Python Tutorial: Decorators - Dynamically Alter The Functionality Of Your Functions","Corey Schafer","1827","OK","0","200","0","1.878574","","PLAYED","2026-09-10T04:43:47.526Z","[""python-advanced/5""]","[""python-advanced/5""]","UNVERIFIED"
"https://www.youtube.com/watch?v=swU3c34d2NQ","swU3c34d2NQ","2026-09-09T17:53:43.496Z","AVAILABLE","PLAYER_LOADED","PLAYED","UNVERIFIED","200","Programming Terms: Closures - How to Use Them and Why They Are Useful","Corey Schafer","703","OK","0","200","0.080086","2.154839","","PLAYED","2026-09-10T04:43:48.402Z","[""python-advanced/4""]","[""python-advanced/4""]","UNVERIFIED"
"https://www.youtube.com/watch?v=hUes6y2b--0","hUes6y2b--0","2026-09-09T17:53:42.571Z","AVAILABLE","PLAYER_LOADED","PLAYED","UNVERIFIED","200","Map, Filter, and Reduce Functions  ||  Python Tutorial  ||  Learn Python Programming","Socratica","464","OK","0","200","0","2.943442","","PLAYED","2026-09-10T04:43:51.641Z","[""python-advanced/3""]","[""python-advanced/3""]","UNVERIFIED"
"https://www.youtube.com/watch?v=r7Dtus7N4pI","r7Dtus7N4pI","2026-09-09T17:53:50.556Z","AVAILABLE","PLAYER_LOADED","UNVERIFIED","UNVERIFIED","200","Python Decorators in 15 Minutes","Kite","914","OK","0","200","0","0","Media time did not advance in the short observation window.","PLAYED","2026-09-10T04:43:52.986Z","[""python-advanced/6""]","[""python-advanced/6""]","UNVERIFIED"
"https://www.youtube.com/watch?v=3ohzBxoFHAY","3ohzBxoFHAY","2026-09-09T17:53:51.945Z","AVAILABLE","PLAYER_LOADED","PLAYED","UNVERIFIED","200","Python OOP Tutorial 5: Special (Magic/Dunder) Methods","Corey Schafer","830","OK","0","200","0","2.489868","","PLAYED","2026-09-10T04:43:55.770Z","[""python-advanced/7""]","[""python-advanced/7""]","UNVERIFIED"
"https://www.youtube.com/watch?v=xWHeK2pTD14","xWHeK2pTD14","2026-09-09T17:53:52.985Z","AVAILABLE","PLAYER_LOADED","UNVERIFIED","UNVERIFIED","200","Python Descriptors: Creating a Class and a Descriptor","Real Python","1006","OK","0","200","0","0","Media time did not advance in the short observation window.","PLAYED","2026-09-10T04:43:56.871Z","[""python-advanced/8""]","[""python-advanced/8""]","UNVERIFIED"
"https://www.youtube.com/watch?v=QnEB7KpywdI","QnEB7KpywdI","2026-09-09T17:54:01.022Z","AVAILABLE","PLAYER_LOADED","PLAYED","UNVERIFIED","200","Tutoriel Python - gestionnaires de contexte","EvoluNoob","1163","OK","0","200","0.162498","3.511813","","PLAYED","2026-09-10T04:44:00.638Z","[""python-advanced/11""]","[""python-advanced/11""]","UNVERIFIED"
"https://www.youtube.com/watch?v=-aKFBoZpiqA","-aKFBoZpiqA","2026-09-09T17:54:00.303Z","AVAILABLE","PLAYER_LOADED","PLAYED","UNVERIFIED","200","Python Tutorial: Context Managers - Efficiently Managing Resources","Corey Schafer","1237","OK","0","200","0.043062","3.628576","","PLAYED","2026-09-10T04:44:01.037Z","[""python-advanced/10""]","[""python-advanced/10""]","UNVERIFIED"
"https://www.youtube.com/watch?v=hEW-IWGluG4","hEW-IWGluG4","2026-09-09T17:53:59.355Z","AVAILABLE","PLAYER_LOADED","PLAYED","UNVERIFIED","200","Python abstract base class (ABC) example","Pybites","311","OK","0","200","0.012864","3.555951","","PLAYED","2026-09-10T04:44:04.906Z","[""python-advanced/9""]","[""python-advanced/9""]","UNVERIFIED"
"https://www.youtube.com/watch?v=dRw3FdQTxqs","dRw3FdQTxqs","2026-09-09T17:54:09.621Z","AVAILABLE","PLAYER_LOADED","UNVERIFIED","UNVERIFIED","200","Python - Weakref","R3ap3rPy","301","OK","0","200","0","0","Media time did not advance in the short observation window.","PLAYED","2026-09-10T04:44:04.989Z","[""python-advanced/12""]","[""python-advanced/12""]","UNVERIFIED"
"https://www.youtube.com/watch?v=ecKWiaHCEKs","ecKWiaHCEKs","2026-09-09T17:54:09.753Z","AVAILABLE","PLAYER_LOADED","PLAYED","UNVERIFIED","200","Threading vs Multiprocessing in Python","Engineer Man","404","OK","0","200","0","1.485079","","PLAYED","2026-09-10T04:44:08.855Z","[""python-advanced/13""]","[""python-advanced/13""]","UNVERIFIED"
"https://www.youtube.com/watch?v=OE5FrlYe_rI","OE5FrlYe_rI","2026-09-09T17:54:10.656Z","AVAILABLE","PLAYER_LOADED","PLAYED","UNVERIFIED","200","Introduction to Thread Locks in Python - Part#1","CodersLegacy","842","OK","0","200","0","1.522391","","PLAYED","2026-09-10T04:44:09.467Z","[""python-advanced/14""]","[""python-advanced/14""]","UNVERIFIED"
"https://www.youtube.com/watch?v=2ZphE5HcQPQ","2ZphE5HcQPQ","2026-09-09T17:54:17.791Z","AVAILABLE","PLAYER_LOADED","UNVERIFIED","UNVERIFIED","200","JavaScript Classes Tutorial","freeCodeCamp.org","3689","OK","0","200","0","0","Media time did not advance in the short observation window.","PLAYED","2026-09-10T04:44:13.554Z","[""js-advanced/2""]","[""js-advanced/2""]","UNVERIFIED"
"https://www.youtube.com/watch?v=1UTqFAjYx1k","1UTqFAjYx1k","2026-09-09T17:54:16.917Z","AVAILABLE","PLAYER_LOADED","PLAYED","UNVERIFIED","200","JavaScript Prototypal inheritance - Tutorial","ColorCode","928","OK","0","200","0","1.82","","PLAYED","2026-09-10T04:44:13.671Z","[""js-advanced/1""]","[""js-advanced/1""]","UNVERIFIED"
"https://www.youtube.com/watch?v=t5Bo1Je9EmE","t5Bo1Je9EmE","2026-09-09T17:54:16.566Z","AVAILABLE","PLAYER_LOADED","UNVERIFIED","UNVERIFIED","200","Python Asynchronous Programming - AsyncIO & Async/Await","Tech With Tim","1557","OK","0","200","0","0","Media time did not advance in the short observation window.","PLAYED","2026-09-10T04:44:18.087Z","[""python-advanced/15""]","[""python-advanced/15""]","UNVERIFIED"
"https://www.youtube.com/watch?v=ZqL7q8KUw9I","ZqL7q8KUw9I","2026-09-09T17:54:24.718Z","AVAILABLE","PLAYER_LOADED","PLAYED","UNVERIFIED","200","How to protect JavaScript Objects with Object.seal() - JavaScript Tutorial","dcode","290","OK","0","200","0","1.424601","","PLAYED","2026-09-10T04:44:18.151Z","[""js-advanced/3""]","[""js-advanced/3""]","UNVERIFIED"
"https://www.youtube.com/watch?v=hI4AyjNnUzQ","hI4AyjNnUzQ","2026-09-09T17:54:25.151Z","AVAILABLE","PLAYER_LOADED","UNVERIFIED","UNVERIFIED","200","How to use Proxy Objects - JavaScript Tutorial","dcode","778","OK","0","200","0","0","Media time did not advance in the short observation window.","PLAYED","2026-09-10T04:44:22.141Z","[""js-advanced/4""]","[""js-advanced/4""]","UNVERIFIED"
"https://www.youtube.com/watch?v=X7qXJRU6qyM","X7qXJRU6qyM","2026-09-09T17:54:25.804Z","AVAILABLE","PLAYER_LOADED","PLAYED","UNVERIFIED","200","JavaScript ES6 Reflect Object","Steve Griffith - Prof3ssorSt3v3","505","OK","0","200","0","1.551149","","PLAYED","2026-09-10T04:44:22.223Z","[""js-advanced/5""]","[""js-advanced/5""]","UNVERIFIED"
"https://www.youtube.com/watch?v=3sgIFrjA61U","3sgIFrjA61U","2026-09-09T17:54:33.140Z","AVAILABLE","PLAYER_LOADED","PLAYED","UNVERIFIED","200","JavaScript FinalizationRegistry Unraveled: Memory Management Magic Explained!","Luca Del Puppo","351","OK","0","200","0","0.74","","PLAYED","2026-09-10T04:44:26.120Z","[""js-advanced/9""]","[""js-advanced/9""]","UNVERIFIED"
"https://www.youtube.com/watch?v=8B514jlvkqE","8B514jlvkqE","2026-09-09T17:54:32.709Z","AVAILABLE","PLAYER_LOADED","PLAYED","UNVERIFIED","200","Weak References, Reachability, WeakSets, and WeakMaps","Steve Griffith - Prof3ssorSt3v3","954","OK","0","200","0","1.448543","","PLAYED","2026-09-10T04:44:26.283Z","[""js-advanced/8""]","[""js-advanced/8""]","UNVERIFIED"
"https://www.youtube.com/watch?v=4J5hnOCj69w","4J5hnOCj69w","2026-09-09T17:54:31.784Z","AVAILABLE","PLAYER_LOADED","PLAYED","UNVERIFIED","200","The Complete Guide to JS Symbols ES6","Colt Steele","738","OK","","","0","1.804423","","PLAYED","2026-09-10T04:44:30.086Z","[""js-advanced/6""]","[""js-advanced/6""]","UNVERIFIED"
"https://www.youtube.com/watch?v=bLpA9tvABb8","bLpA9tvABb8","2026-09-09T17:54:40.283Z","AVAILABLE","PLAYER_LOADED","UNVERIFIED","UNVERIFIED","200","How To Abort A Fetch Request With AbortController In JavaScript","Conner Ardman","38","OK","0","200","0","0.074155","Media time did not advance in the short observation window.","PLAYED","2026-09-10T04:44:30.407Z","[""js-advanced/11""]","[""js-advanced/11""]","UNVERIFIED"
"https://www.youtube.com/watch?v=b469-2H9Rew","b469-2H9Rew","2026-09-09T17:54:42.358Z","AVAILABLE","PLAYER_LOADED","PLAYED","UNVERIFIED","200","Custom Events in Javascript (CustomEvent)","dcode","354","OK","0","200","0.001099","2.212383","","PLAYED","2026-09-10T04:44:34.084Z","[""js-advanced/13""]","[""js-advanced/13""]","UNVERIFIED"
"https://www.youtube.com/watch?v=phs5V6qk2xk","phs5V6qk2xk","2026-09-09T17:54:47.187Z","AVAILABLE","PLAYER_LOADED","PLAYED","UNVERIFIED","200","Javascript: SharedArrayBuffer, Atomics & Synchronization  #multithreading","Novitiate","985","OK","0","200","0","2.3","","PLAYED","2026-09-10T04:44:34.900Z","[""js-advanced/15""]","[""js-advanced/15""]","UNVERIFIED"
"https://www.youtube.com/watch?v=Gcp7triXFjg","Gcp7triXFjg","2026-09-09T17:54:46.639Z","AVAILABLE","PLAYER_LOADED","PLAYED","UNVERIFIED","200","JavaScript Web Workers Explained","DevSage","771","OK","0","200","0.56","2.91648","","PLAYED","2026-09-10T04:44:38.156Z","[""js-advanced/14""]","[""js-advanced/14""]","UNVERIFIED"
"https://www.youtube.com/watch?v=OGJvhpoE8b4","OGJvhpoE8b4","2026-09-09T17:54:52.932Z","AVAILABLE","PLAYER_LOADED","PLAYED","UNVERIFIED","200",":has() opens up new possibilities with CSS","Kevin Powell","869","OK","0","200","0","1.142217","","PLAYED","2026-09-10T04:44:38.865Z","[""web-advanced/1""]","[""web-advanced/1""]","UNVERIFIED"
"https://www.youtube.com/watch?v=NDNRGW-_1EE","NDNRGW-_1EE","2026-09-09T17:54:56.616Z","AVAILABLE","PLAYER_LOADED","UNVERIFIED","UNVERIFIED","200","No more specificity issues?! (or all new ones 🤔) - A look at CSS Cascade Layers","Kevin Powell","1064","OK","0","200","0","0","Media time did not advance in the short observation window.","PLAYED","2026-09-10T04:44:42.814Z","[""web-advanced/2""]","[""web-advanced/2""]","UNVERIFIED"
"https://www.youtube.com/watch?v=SLjHSVwXYq4","SLjHSVwXYq4","2026-09-09T17:54:58.052Z","AVAILABLE","PLAYER_LOADED","PLAYED","UNVERIFIED","200","Why I use the BEM naming convention for my CSS","Kevin Powell","423","OK","","","0","2.054894","","PLAYED","2026-09-10T04:44:42.902Z","[""web-advanced/3""]","[""web-advanced/3""]","UNVERIFIED"
"https://www.youtube.com/watch?v=sanswTlz4ZY","sanswTlz4ZY","2026-09-09T17:55:00.103Z","AVAILABLE","PLAYER_LOADED","PLAYED","UNVERIFIED","200","Flex grow, shrink, basis | CSS Flexbox tutorial","Scrimba","522","OK","0","200","0.219313","2.7","","PLAYED","2026-09-10T04:44:46.783Z","[""web-advanced/4""]","[""web-advanced/4""]","UNVERIFIED"
"https://www.youtube.com/watch?v=UwV4LtO0nHo","UwV4LtO0nHo","2026-09-09T17:55:04.666Z","AVAILABLE","PLAYER_LOADED","PLAYED","UNVERIFIED","200","Creating a robust grid system using subgrid","Kevin Powell","2182","OK","0","200","0","0.980415","","PLAYED","2026-09-10T04:44:47.217Z","[""web-advanced/5""]","[""web-advanced/5""]","UNVERIFIED"
"https://www.youtube.com/watch?v=2rlWBZ17Wes","2rlWBZ17Wes","2026-09-09T17:55:05.738Z","AVAILABLE","PLAYER_LOADED","PLAYED","UNVERIFIED","200","Learn how to use Media queries & Container queries","Kevin Powell","2072","OK","0","200","0.14","4.139857","","PLAYED","2026-09-10T04:44:51.187Z","[""web-advanced/6""]","[""web-advanced/6""]","UNVERIFIED"
"https://www.youtube.com/watch?v=viH8LeLP6_c","viH8LeLP6_c","2026-09-09T17:55:09.600Z","AVAILABLE","PLAYER_LOADED","PLAYED","UNVERIFIED","200","3D Transform a Card with CSS","Before Semicolon","763","OK","0","200","0","1.387295","","PLAYED","2026-09-10T04:44:51.534Z","[""web-advanced/8""]","[""web-advanced/8""]","UNVERIFIED"
"https://www.youtube.com/watch?v=4kWHW7da4U8","4kWHW7da4U8","2026-09-09T17:55:11.749Z","AVAILABLE","PLAYER_LOADED","PLAYED","UNVERIFIED","200","CSS Gradients and repeating gradients","Kevin Powell","362","OK","0","200","0","0.577204","","PLAYED","2026-09-10T04:44:55.366Z","[""web-advanced/9""]","[""web-advanced/9""]","UNVERIFIED"
"https://www.youtube.com/watch?v=roywYSEPSvc","roywYSEPSvc","2026-09-09T17:55:15.839Z","AVAILABLE","PLAYER_LOADED","PLAYED","UNVERIFIED","200","Learn Sass in this Free Crash Course - Give your CSS Superpowers!","DesignCourse","2786","OK","0","200","0.123274","3.558332","","PLAYED","2026-09-10T04:44:58.181Z","[""web-advanced/10""]","[""web-advanced/10""]","UNVERIFIED"
"https://www.youtube.com/watch?v=WhCXiEwdU1A","WhCXiEwdU1A","2026-09-09T17:55:18.486Z","AVAILABLE","PLAYER_LOADED","PLAYED","UNVERIFIED","200","PostCSS in 100 Seconds","Fireship","132","OK","0","200","0","1.206411","","PLAYED","2026-09-10T04:44:59.533Z","[""web-advanced/12""]","[""web-advanced/12""]","UNVERIFIED"
"https://www.youtube.com/watch?v=mr15Xzb1Ook","mr15Xzb1Ook","2026-09-09T17:55:16.595Z","AVAILABLE","PLAYER_LOADED","PLAYED","UNVERIFIED","200","Tailwind in 100 Seconds","Fireship","141","OK","0","200","0.583301","4.052792","","PLAYED","2026-09-10T04:45:02.503Z","[""web-advanced/11""]","[""web-advanced/11""]","UNVERIFIED"
"https://www.youtube.com/watch?v=hwP7WQkmECE","hwP7WQkmECE","2026-09-09T17:55:26.857Z","AVAILABLE","PLAYER_LOADED","PLAYED","UNVERIFIED","200","Git Explained in 100 Seconds","Fireship","117","OK","0","200","0.080486","2","","PLAYED","2026-09-10T04:45:03.704Z","[""web-advanced/15""]","[""web-advanced/15""]","UNVERIFIED"
"https://www.youtube.com/watch?v=cGiSr0MilsI","cGiSr0MilsI","2026-09-09T17:55:26.106Z","AVAILABLE","PLAYER_LOADED","PLAYED","UNVERIFIED","200","Core Web Vitals Explained: LCP, INP & CLS","I Code It","886","OK","0","200","0","2.22","","PLAYED","2026-09-10T04:45:06.664Z","[""web-advanced/14""]","[""web-advanced/14""]","UNVERIFIED"
"https://www.youtube.com/watch?v=qr0ujkLLgmE","qr0ujkLLgmE","2026-09-09T17:55:25.868Z","AVAILABLE","UNVERIFIED","UNVERIFIED","UNVERIFIED","200","Getting started with web accessibility with Ashlee Boyer","Kevin Powell","1828","OK","","","","","","PLAYED","2026-09-10T04:45:07.649Z","[""web-advanced/13""]","[""web-advanced/13""]","UNVERIFIED"