"Issue ID","Priority","Type","Title","Page / component","Actual result","Failing step","Reproduction","Recommendation","Acceptance criteria","Evidence","Owner"
"D-01","P0","Confirmed defect","Private files can be downloaded by unrelated signed-in users","Uploads / course resources / private documents","The free learner receives HTTP 200 and the exact private file bytes. The course API correctly returns 403 to the same learner.","Download authorization","Assigned teacher uploads a synthetic private course PDF; a free learner not enrolled in that course requests the returned /uploads URL.","Replace the shared authenticated static-file mount with attachment ownership and purpose checks. Separate deliberately public assets from private submissions, contracts, resumes and onboarding documents.","An owner/assigned staff member can retrieve the attachment; unrelated free/student/recruiter accounts get 403/404 even with its exact URL; unauthenticated access stays denied.","evidence/api-checks.json — SEC-01-private-file; server.js:4219,4254","Backend/security"
"D-02","P1","Confirmed defect","Password reset leaves existing sessions valid","Authentication / account recovery","Reset succeeds, but the previously issued session still receives HTTP 200. Tokens last seven days and contain no password/session version.","Invalidate old sessions after recovery","Sign in as qa.free, retain that session, reset its password using the local reset token, and call /api/auth/me with the old cookie.","Version user sessions or maintain revocable server sessions. Rotate/invalidate old sessions on recovery and administrative password reset; give users a revoke-other-sessions action.","After recovery, cookies created before the reset return 401; the new session and password work; reused reset tokens fail.","evidence/api-checks.json — SEC-05-reset-session; server.js:249-253,468-479","Backend/security"
"D-03","P2","Confirmed defect","Saving cleared profile fields retains the old data","Profile / Settings","The UI says Profile saved, but QA Browser City remains. The API filters out blank values before updating the profile.","Save an empty optional field","Edit City to QA Browser City, save, edit again, erase City, and save. Reopen profile and inspect the persisted local user record.","Distinguish omitted fields from explicit clears; allow empty/null values for optional fields and return the canonical saved profile.","Clearing City, Goal and Links removes each stored value and keeps it empty after refresh and a new session; mandatory fields receive specific validation.","evidence/browser-workflows.json — PROFILE-UI-CLEAR; evidence/annotated-profile-clear.png; server.js:494-500","Backend + profile UI"
"D-04","P2","Confirmed defect","Authentication and refresh lose the intended destination","Shared navigation / sign-in / dashboard","Sign-in goes to /dashboard instead of Showcase. Refreshing Settings goes to Overview. Course/task selections share unchanged URLs, preventing reliable links.","Return to the requested view","Open /showcase while signed out, complete the login form, then separately open Settings and refresh the dashboard.","Give significant views stable URLs and preserve a validated same-origin returnTo through login, expiry and logout recovery. Restore the active route on load.","A bookmarked course/task/settings route survives refresh; authentication returns there; Back/Forward retraces navigation; external return URLs are rejected.","evidence/browser-workflows.json — AUTH-RETURN, DASHBOARD-REFRESH; public/js/login.js:18-25; public/js/dashboard.js:118-150","Frontend + authentication"
"D-05","P1","Confirmed defect","Unsubmitted code is lost on task switches and refresh","Free course and paid task workspaces","Free task switching recreates an empty editor. Refresh returns free users to the catalogue and paid users to Overview. No draft warning was shown. Submitted paid code does reload when the task is reopened.","Recover the draft","Type code without submitting. Switch from task 1 to task 2 and back on the free course, or refresh a free/paid task.","Autosave drafts per user/course/task/language, show save state, restore before rendering the editor, and warn when leaving work that has not been saved. Preserve the latest successful submission separately.","Desktop and 390px mobile drafts survive task switching, Back/Forward, refresh, session expiry and sign-in; another account never inherits them. An interrupted save has a visible recovery path.","evidence/browser-workflows.json — DRAFT-SWITCH/REFRESH; evidence/final-browser-checks.json — PAID-DRAFT-REFRESH; evidence/annotated-draft-loss-desktop.png; public/js/open.js:1361; public/js/dashboard.js:4853","Learning frontend"
"D-06","P1","Confirmed defect","A teacher can certify a student outside their course","Certificates / teacher permissions","HTTP 200 creates a certificate. The public verification page describes the nonmember as having completed the course and lists its concepts.","Validate recipient eligibility","An assigned teacher issues a course certificate using the ID of QA Empty Student, who has no enrollment in that batch.","Validate enrollment and the configured completion rule before course certification. Keep any exceptional administrative issuance as a separate permission with a recorded reason.","An instructor cannot issue a course certificate to a nonmember or ineligible learner. Valid graduates can be certified once, and verification reflects the recorded completion basis.","evidence/operations-initial.json — CERT-NONMEMBER; evidence/final-browser-checks.json — CERT-VERIFY-UI; evidence/certificate-verification.png; server.js:2778-2806","Backend + learning policy"
"D-07","P1","Confirmed defect","Several failed data requests leave permanent loading screens","Assignments / Talent Profile / Hiring Interest / teacher list","Assignments remains Loading. Talent Profile and Hiring Interest also remain Loading after real local 503 responses. The role survey captured unhandled errors.","Replace loading with error/retry","Return a deliberate HTTP 503 for /api/my/quests and open Assignments. Also open student Talent Profile/Hiring Interest with PostgreSQL unavailable.","Use a shared loading/error/empty/success state component. Catch render errors, retain existing content when possible, provide retry, and explain temporary feature unavailability in learner language.","A failed, aborted or timed-out request removes the loader, announces a useful error and exposes Retry; a successful retry restores the screen without a full reload.","evidence/browser-workflows.json — ERROR-ASSIGNMENTS; evidence/browser-survey.json — view-student-talent-profile, view-student-hiring-interest; evidence/annotated-loading-error.png; public/js/dashboard.js:1327,2816,3133","Frontend"
"D-08","P1","Confirmed defect","Challan is marked sent even when no email was sent","Admissions / Finance handoff","HTTP 200 advances the registration to challan_sent although the mail provider skips delivery. The route calls markSent without awaiting a delivery outcome.","Confirm email delivery handoff","Generate a synthetic challan with SMTP disabled, then use the challan send endpoint. Inspect its registration stage.","Track queued, provider-accepted and failed mail states. Advance the workflow only at the documented successful handoff; retain retry and a downloadable PDF. Repeated send attempts need deduplication.","Disabled SMTP, provider rejection and network failure cannot produce a Sent status. A test-provider acknowledgement advances the correct record exactly once.","evidence/operations-initial.json — ADMIT-SEND-FAILURE; server.js:3780-3797; mail-provider.js:77-80","Backend + admissions"
"D-09","P2","Confirmed defect","Repeated course registration creates duplicate records","Public registration / Admissions","Both requests return 200 and two distinct registrations appear for the same learner/course. Newsletter and event duplication checks behave more safely.","Retry/deduplicate registration","Submit the same name, email and course twice using the normal registration payload.","Define duplicate behavior per learner and offering, use idempotency keys, and show an existing registration receipt when the same request is retried.","Double-click, timeout/retry and resubmission create one active registration per learner/offering, while registration for another course remains allowed.","evidence/api-checks.json — ADMIT-01-duplicate; store.js:4023; server.js:3660","Admissions backend"
"D-10","P2","Confirmed defect","Unknown course codes are accepted and stored","Registration validation","The API reports success and stores a truncated code, DOES-NOT-EXI, which is not an offering. No valid enrollment route can be derived from it.","Validate the selected offering","Submit a registration with course_code DOES-NOT-EXIST. Inspect the resulting record and its available batches.","Resolve the offering server-side, reject missing/unknown codes, and store the authoritative title and price identifier rather than trusting client text.","Unknown/missing/deactivated offerings return a field-level 400 and create no record; valid courses and modeled bundles use authoritative identifiers.","evidence/api-checks.json — ADMIT-02-invalid-course; evidence/persisted-record-summary.json; server.js:3660-3684; store.js:4023","Admissions backend"
"D-11","P1","Confirmed defect","Teachers can award course gems to nonmembers","Gems / teacher permissions","HTTP 200 persists the award for the nonmember and changes their gem total. Validation checks student role but not enrollment.","Check award recipient membership","Assigned teacher awards 25 gems to QA Empty Student, who is not enrolled in the teacher’s batch.","Require recipient enrollment in the authorized batch and record a reason and actor. Keep a separately authorized institute-wide award action if needed.","A teacher’s course award to a nonmember fails and changes no totals; valid awards are persisted and auditable.","evidence/api-checks.json — SEC-03-gems-nonmember; server.js:1590-1598","Backend/permissions"
"D-12","P1","Confirmed defect","Quiz request body can override the authorized batch","Quiz creation / teacher permissions","The server authorizes batch 1 but creates the quiz in batch 2 and returns HTTP 200. req.body overwrites batch_id during object spread.","Bind creation to authorized resource","As a teacher of batch 1, POST to /api/batches/1/quizzes with body batch_id:2, where batch 2 has no assigned teacher.","Whitelist quiz fields and set batch_id exclusively from req.batch after parsing the body. Review analogous route/body ID merges.","A conflicting body ID is rejected or ignored; every created quiz belongs to the URL batch that passed authorization; unauthorized batches are unchanged.","evidence/supplemental-checks.json — SEC-QUIZ-SCOPE; server.js:2554-2557","Backend/security"
"D-13","P2","Confirmed defect","Live course navigation retains the Free-only filter","Course discovery / filters","The active navigation changes to Live, but cFree remains free and only free language families appear.","Change catalogue mode","Open /open#free, then select Live Tech Courses in the main navigation.","Make navigation mode and filter state one source of truth. Set or reset applicable filters on both mode changes and show active filters clearly.","Switching between Free and Live consistently shows the advertised offerings; search and tier filters combine predictably and clearing filters restores results.","evidence/final-browser-checks.json — FILTER-LIVE-AFTER-FREE; evidence/live-nav-free-filter.png; public/js/open.js:119-125","Catalogue frontend"
"D-14","P2","Confirmed defect","Coordinator UI exposes actions whose APIs reject that role","Coordinator / teacher list / reports","The survey recorded 403 for /api/instructors-lite and /api/admin/leads; Teachers retains a Loading section and Reports exposes an Admin access only result. Coordinator can also write chat despite read-only documentation.","Render authorized actions and recover denied sections","Sign in as coordinator and navigate to Teachers and Reports. Use the visible lead-related affordances.","Define coordinator capabilities explicitly, then share them between API gates and visible navigation. Resolve whether course-chat participation is an intentional exception to read-only access.","Every visible coordinator action has an allowed, scoped endpoint; unavailable actions are omitted/explained; any read-only exception is documented and tested.","evidence/browser-survey.json — role-errors-coordinator, view-coordinator-admin-teachers, view-coordinator-admin-analytics; evidence/api-checks.json — SEC-04-coordinator-write","Product + role UI/backend"
"D-15","P2","Confirmed defect","Marketing contradicts current dates, catalogue and gem rules","Landing / catalogue / progress","Marketing still promotes a July 31 registration deadline and August cohort; labels say 31 courses and 3 free courses while the catalogue has 39 offerings including 10 free. Landing Glow starts at 100 gems; the actual stage threshold is 250 (Nova 2000 vs 4000).","Set accurate expectations","Compare the September 9 landing page and course catalogue with actual catalogue and stage data.","Drive counts, stage ranges and active cohort dates from the same data as enrollment and progress. Expire campaign urgency copy automatically.","Dates match the active offering; historical campaigns cannot claim seats are filling; counts match catalogue definitions; every stage threshold matches the dashboard.","evidence/browser-survey-public.json — landing-desktop, open-desktop; evidence/catalogue-snapshot.json; public/landing.html:426,503-520,624; store.js:31-38","Content + product/frontend"
"D-16","P1","Confirmed defect","Automatic grading failure has no durable recovery workflow","Free submissions / grades / certificates","The task is stored ungraded and friendly courses promise grading shortly. No retry worker or manual open-task grading route was found. Resubmission clears score/gems before a replacement grade succeeds.","Recover after grading is unavailable","Submit a valid free task with AI disabled (local fault configuration); inspect response, persistence and processing code. Inspect resubmission of a previously scored task.","Persist a grading job with pending/failed/retrying status and a staff retry path. Keep the previous completed attempt/grade until the replacement is successfully graded.","Provider timeout/rejection can be retried without another upload; learners see a truthful status; successful recovery updates progress once; a failed retry does not erase an earned grade.","evidence/api-checks.json — LEARN-05-submit-persist; evidence/browser-workflows.json — SUBMIT-RETRY; server.js:4090-4132; store.js:3955-3964","Backend/AI + learning UI"
"D-17","P1","Confirmed defect","Advertised course bundle creates a zero-fee challan and cannot enroll","Web Developer Path / paid enrollment","A PKR 43,500 advertised bundle generates gross/net PKR 0. Its available_batches is empty and enrollment returns Choose a valid batch for this course. PATH is not resolved as a course or bundle.","Price and fulfill the bundle","Use the advertised PATH registration payload, generate its challan, simulate local Finance clearance, and try Admissions enrollment.","Model bundles as real offerings with component enrollments, authoritative prices and a batch choice for each required course. Until supported, remove the actionable bundle registration offer.","The published PKR 43,500 price reaches the challan; payment clearance lets Admissions place the learner in every component; completion is atomic or explicitly recoverable.","evidence/bundle-and-rules.json — BUNDLE-PRICE, BUNDLE-ENROLL; public/js/open.js:506-515,625-650; store.js:2355-2371; server.js:3930-3950","Product + admissions/backend"
"D-18","P1","Confirmed defect","Course progress and certification use different pass rules","Free progress / certificate eligibility","Backend passed is true with average 93 despite a failed task. The frontend requires each task to meet the pass mark and cannot show all tasks complete. Different places also mention an average, all tasks, and a final exam.","Apply one completion policy","In an isolated business-rule fixture, grade all 15 JavaScript tasks: first 0, remaining 100. Compare backend passed with the UI’s per-task rule.","Choose and document one pass rule, then calculate progress and certificate eligibility on the server from that shared rule. Align all course copy.","Boundary fixtures (one failed task/high average, exactly pass mark, missing grade, regrade) produce identical progress, completion and certificate eligibility across UI/API.","evidence/bundle-and-rules.json — PASS-RULE-CONFLICT; store.js:3980-4003; public/js/open.js:1109-1120,1063","Learning policy + backend/frontend"
"D-19","P2","Confirmed defect","Challenge review corrections can award the same win twice","Legacy challenges / gem ledger","First approval awards 40; rejection leaves those 40; reapproval raises the total to 80. Repeating approval without changing status correctly awards once. The normal UI exposes review buttons only for pending work, so the failing correction sequence is API-level.","Reconcile rewards when a review changes","Create a 40-gem challenge and approve its submission. Using the authorized admin review API, reject that approved submission and approve it again.","Use a unique reward identity per challenge and learner. Reject unsupported review transitions or explicitly reconcile the previous award when an authorized correction changes the result.","Approve/repeat/reject/reapprove cannot create two rewards for one win. Any reversal is visible and auditable; the displayed status agrees with earned gems.","evidence/coverage-expansion.json — CHALLENGE-REAWARD; store.js:1644-1657; server.js:1881-1886","Backend + rewards"
"D-20","P2","Confirmed defect","Duplicate hackathon teammates receive duplicate prizes","Legacy hackathon team registration / rewards","The stored team is [4,12,12]. Finalization awards student 12 twice, totalling 60 instead of 30. Repeat finalization is rejected correctly, but duplicated members are not removed.","Resolve unique teammates and award each person once","Register a synthetic paid team with qa.empty entered twice in member_regs. Approve its simulated payment, submit, score and finalize a 30-gem first prize.","Resolve teammate identifiers to a unique set of user IDs before validating team size. Enforce one prize per event/place/person and guard legacy duplicate records at finalization.","Repeated username/reg-number aliases create one membership or a clear validation error. Every eligible teammate receives exactly one advertised prize after repeated finalize requests.","evidence/coverage-expansion.json — HACKATHON-UNIQUE-MEMBERS; store.js:1710-1718,1773-1777; public/js/dashboard.js:4511-4520","Backend + event UI"
"U-01","P2","Usability concern","Modal keyboard focus escapes into the page","Shared sign-in/profile dialogs","The sign-in modal has role=dialog and aria-modal=true, but focus remains on BODY; the first Tab reaches a background link. Escape support and global focus styling already exist.","","","Move focus into the dialog, keep Tab/Shift+Tab inside, make the background inert and restore focus to its trigger.","Opening, using and closing each dialog is possible with keyboard only; no focus reaches obscured controls.","evidence/browser-workflows.json — A11Y-MODAL; evidence/annotated-signin-focus.png","UX + frontend"
"U-02","P2","Usability concern","Mobile discovery requires too much scrolling","Landing / all-course catalogue","The 390px all-course page screenshot is 12,156px tall; headers, promotion and course cards create a long route to later offerings. The layout fits horizontally.","","","Prioritize search and relevant categories, use concise cards, preserve filters and add progressive pagination/load more with a result count.","A learner can find a specific free or paid course without traversing the full catalogue; filter state survives return from course detail.","evidence/open-mobile.png; evidence/browser-survey-public.json","UX + frontend"
"U-03","P3","Usability concern","Recommendation summaries end mid-word","Student overview / recommendation cards","Several descriptions visibly end with fragments such as production-se or developer ca; the truncation does not explain that more text is available.","","","Use line clamping with an ellipsis, concise editorial summaries and a clear course detail affordance.","No summary ends with an unexplained cut word at desktop or mobile widths; full detail is reachable.","evidence/dashboard-student.png; evidence/dashboard-student-mobile.png","UX + frontend"
"U-04","P2","Usability concern","Learning terminology and next steps compete","Free curriculum / paid Assignments / progress","The same journey alternates among modules, levels, lessons, lectures, tasks, quests, assignments and final exam. The free course lists a final exam without a distinct tested exam step.","","","Use a stable hierarchy: Course → Module → Lesson → Task. State the actual completion policy next to progress and identify any final assessment explicitly.","A learner can identify the next required action and all requirements for completion from the curriculum without reconciling contradictory labels.","evidence/free-curriculum-desktop.png; evidence/paid-task-desktop.png; D-18","UX + frontend"
"U-05","P2","Usability concern","Integration failures expose developer setup instructions","AI help / talent pages","Local unavailable states tell learners to set API keys or configure PostgreSQL. The Talent gallery at least replaces its loader with an error, while dashboard counterparts do not.","","","Show a user-facing unavailable message and recovery action; put configuration diagnostics in authorized system health/logs.","Student-facing errors contain no environment-variable or infrastructure setup instructions and provide a next step.","evidence/api-checks.json — AI-01-unconfigured,TALENT-01-db-unavailable; evidence/talent-projects-desktop.png","UX + frontend"
"U-06","P2","Usability concern","Registration has no durable receipt/status destination","Registration / Admissions handoff","The success dialog says an email is on its way and asks applicants to wait. The public response has only ok, and no applicant tracking or resume link was observed.","","","Return a reference and a status page with next steps, contact route, resend status and the selected offering. Keep sensitive payment data protected.","After refresh or a missed email, the applicant can recover their registration status without creating another record.","public/js/open.js:644-651; evidence/api-checks.json — ADMIT-01-duplicate; D-08","UX + frontend"
"U-07","P2","Usability concern","Mandatory onboarding can obstruct exploration","Free/student first contact and staff onboarding","Learners without a phone are blocked by a non-dismissable WhatsApp form, including when browsing the open site. The copy combines certificates with promotional communication. This is an observed product choice, not asserted to be a technical failure.","","","Explain the immediate purpose; permit sign-out and returning later, and separate required account contact from optional promotional preferences.","A new user can understand the requirement, correct an error, sign out or resume later without being trapped behind an overlay.","public/js/open.js:273-293; public/js/dashboard.js:266-340","UX + frontend"
"U-08","P3","Usability concern","Small secondary links and dense navigation need touch review","Mobile login / signup / shared navigation","Login recovery/signup links measure about 16px high; catalogue footer links about 15px. Primary buttons and responsive single-column forms are usable in the tested viewport.","","","Increase the padded hit area of secondary actions, group mobile navigation and keep labels readable.","Primary actions have a 44px design target; small secondary links have adequate spacing/padding and can be selected without adjacent activation in touch tests.","evidence/browser-survey-public.json — login-mobile, recruiter-signup-mobile, free-courses-mobile","UX + frontend"
"U-09","P3","Usability concern","Admin status presentation needs clearer operational meaning","Admin overview / system health","The overview includes escaped &middot; text and a clipped Operational label in a narrow health card. A dry-run bulk provider is shown as operational even when it is not configured; the detail does disclose dry run.","","","Use clear Healthy / Disabled / Test mode / Failed labels, wrap diagnostic text and format separators once.","Statuses and details stay readable at 1440px and 390px; a disabled/test integration is visually distinct from an available delivery service.","evidence/dashboard-admin.png; evidence/dashboard-admin-mobile.png","UX + frontend"