"Order","Priority","Issue ID","Type","Work item","Concrete change","Acceptance criteria","Owner","Evidence"
"1","P0","D-01","Confirmed defect","Private files can be downloaded by unrelated signed-in users","Replace the shared authenticated static-file mount with attachment ownership and purpose checks. Separate deliberately public assets from private submissions, contracts, resumes and onboarding documents.","An owner/assigned staff member can retrieve the attachment; unrelated free/student/recruiter accounts get 403/404 even with its exact URL; unauthenticated access stays denied.","Backend/security","evidence/api-checks.json — SEC-01-private-file; server.js:4219,4254"
"2","P1","D-02","Confirmed defect","Password reset leaves existing sessions valid","Version user sessions or maintain revocable server sessions. Rotate/invalidate old sessions on recovery and administrative password reset; give users a revoke-other-sessions action.","After recovery, cookies created before the reset return 401; the new session and password work; reused reset tokens fail.","Backend/security","evidence/api-checks.json — SEC-05-reset-session; server.js:249-253,468-479"
"3","P1","D-05","Confirmed defect","Unsubmitted code is lost on task switches and refresh","Autosave drafts per user/course/task/language, show save state, restore before rendering the editor, and warn when leaving work that has not been saved. Preserve the latest successful submission separately.","Desktop and 390px mobile drafts survive task switching, Back/Forward, refresh, session expiry and sign-in; another account never inherits them. An interrupted save has a visible recovery path.","Learning frontend","evidence/browser-workflows.json — DRAFT-SWITCH/REFRESH; evidence/final-browser-checks.json — PAID-DRAFT-REFRESH; evidence/annotated-draft-loss-desktop.png; public/js/open.js:1361; public/js/dashboard.js:4853"
"4","P1","D-06","Confirmed defect","A teacher can certify a student outside their course","Validate enrollment and the configured completion rule before course certification. Keep any exceptional administrative issuance as a separate permission with a recorded reason.","An instructor cannot issue a course certificate to a nonmember or ineligible learner. Valid graduates can be certified once, and verification reflects the recorded completion basis.","Backend + learning policy","evidence/operations-initial.json — CERT-NONMEMBER; evidence/final-browser-checks.json — CERT-VERIFY-UI; evidence/certificate-verification.png; server.js:2778-2806"
"5","P1","D-07","Confirmed defect","Several failed data requests leave permanent loading screens","Use a shared loading/error/empty/success state component. Catch render errors, retain existing content when possible, provide retry, and explain temporary feature unavailability in learner language.","A failed, aborted or timed-out request removes the loader, announces a useful error and exposes Retry; a successful retry restores the screen without a full reload.","Frontend","evidence/browser-workflows.json — ERROR-ASSIGNMENTS; evidence/browser-survey.json — view-student-talent-profile, view-student-hiring-interest; evidence/annotated-loading-error.png; public/js/dashboard.js:1327,2816,3133"
"6","P1","D-08","Confirmed defect","Challan is marked sent even when no email was sent","Track queued, provider-accepted and failed mail states. Advance the workflow only at the documented successful handoff; retain retry and a downloadable PDF. Repeated send attempts need deduplication.","Disabled SMTP, provider rejection and network failure cannot produce a Sent status. A test-provider acknowledgement advances the correct record exactly once.","Backend + admissions","evidence/operations-initial.json — ADMIT-SEND-FAILURE; server.js:3780-3797; mail-provider.js:77-80"
"7","P1","D-11","Confirmed defect","Teachers can award course gems to nonmembers","Require recipient enrollment in the authorized batch and record a reason and actor. Keep a separately authorized institute-wide award action if needed.","A teacher’s course award to a nonmember fails and changes no totals; valid awards are persisted and auditable.","Backend/permissions","evidence/api-checks.json — SEC-03-gems-nonmember; server.js:1590-1598"
"8","P1","D-12","Confirmed defect","Quiz request body can override the authorized batch","Whitelist quiz fields and set batch_id exclusively from req.batch after parsing the body. Review analogous route/body ID merges.","A conflicting body ID is rejected or ignored; every created quiz belongs to the URL batch that passed authorization; unauthorized batches are unchanged.","Backend/security","evidence/supplemental-checks.json — SEC-QUIZ-SCOPE; server.js:2554-2557"
"9","P1","D-16","Confirmed defect","Automatic grading failure has no durable recovery workflow","Persist a grading job with pending/failed/retrying status and a staff retry path. Keep the previous completed attempt/grade until the replacement is successfully graded.","Provider timeout/rejection can be retried without another upload; learners see a truthful status; successful recovery updates progress once; a failed retry does not erase an earned grade.","Backend/AI + learning UI","evidence/api-checks.json — LEARN-05-submit-persist; evidence/browser-workflows.json — SUBMIT-RETRY; server.js:4090-4132; store.js:3955-3964"
"10","P1","D-17","Confirmed defect","Advertised course bundle creates a zero-fee challan and cannot enroll","Model bundles as real offerings with component enrollments, authoritative prices and a batch choice for each required course. Until supported, remove the actionable bundle registration offer.","The published PKR 43,500 price reaches the challan; payment clearance lets Admissions place the learner in every component; completion is atomic or explicitly recoverable.","Product + admissions/backend","evidence/bundle-and-rules.json — BUNDLE-PRICE, BUNDLE-ENROLL; public/js/open.js:506-515,625-650; store.js:2355-2371; server.js:3930-3950"
"11","P1","D-18","Confirmed defect","Course progress and certification use different pass rules","Choose and document one pass rule, then calculate progress and certificate eligibility on the server from that shared rule. Align all course copy.","Boundary fixtures (one failed task/high average, exactly pass mark, missing grade, regrade) produce identical progress, completion and certificate eligibility across UI/API.","Learning policy + backend/frontend","evidence/bundle-and-rules.json — PASS-RULE-CONFLICT; store.js:3980-4003; public/js/open.js:1109-1120,1063"
"12","P2","D-03","Confirmed defect","Saving cleared profile fields retains the old data","Distinguish omitted fields from explicit clears; allow empty/null values for optional fields and return the canonical saved profile.","Clearing City, Goal and Links removes each stored value and keeps it empty after refresh and a new session; mandatory fields receive specific validation.","Backend + profile UI","evidence/browser-workflows.json — PROFILE-UI-CLEAR; evidence/annotated-profile-clear.png; server.js:494-500"
"13","P2","D-04","Confirmed defect","Authentication and refresh lose the intended destination","Give significant views stable URLs and preserve a validated same-origin returnTo through login, expiry and logout recovery. Restore the active route on load.","A bookmarked course/task/settings route survives refresh; authentication returns there; Back/Forward retraces navigation; external return URLs are rejected.","Frontend + authentication","evidence/browser-workflows.json — AUTH-RETURN, DASHBOARD-REFRESH; public/js/login.js:18-25; public/js/dashboard.js:118-150"
"14","P2","D-09","Confirmed defect","Repeated course registration creates duplicate records","Define duplicate behavior per learner and offering, use idempotency keys, and show an existing registration receipt when the same request is retried.","Double-click, timeout/retry and resubmission create one active registration per learner/offering, while registration for another course remains allowed.","Admissions backend","evidence/api-checks.json — ADMIT-01-duplicate; store.js:4023; server.js:3660"
"15","P2","D-10","Confirmed defect","Unknown course codes are accepted and stored","Resolve the offering server-side, reject missing/unknown codes, and store the authoritative title and price identifier rather than trusting client text.","Unknown/missing/deactivated offerings return a field-level 400 and create no record; valid courses and modeled bundles use authoritative identifiers.","Admissions backend","evidence/api-checks.json — ADMIT-02-invalid-course; evidence/persisted-record-summary.json; server.js:3660-3684; store.js:4023"
"16","P2","D-13","Confirmed defect","Live course navigation retains the Free-only filter","Make navigation mode and filter state one source of truth. Set or reset applicable filters on both mode changes and show active filters clearly.","Switching between Free and Live consistently shows the advertised offerings; search and tier filters combine predictably and clearing filters restores results.","Catalogue frontend","evidence/final-browser-checks.json — FILTER-LIVE-AFTER-FREE; evidence/live-nav-free-filter.png; public/js/open.js:119-125"
"17","P2","D-14","Confirmed defect","Coordinator UI exposes actions whose APIs reject that role","Define coordinator capabilities explicitly, then share them between API gates and visible navigation. Resolve whether course-chat participation is an intentional exception to read-only access.","Every visible coordinator action has an allowed, scoped endpoint; unavailable actions are omitted/explained; any read-only exception is documented and tested.","Product + role UI/backend","evidence/browser-survey.json — role-errors-coordinator, view-coordinator-admin-teachers, view-coordinator-admin-analytics; evidence/api-checks.json — SEC-04-coordinator-write"
"18","P2","D-15","Confirmed defect","Marketing contradicts current dates, catalogue and gem rules","Drive counts, stage ranges and active cohort dates from the same data as enrollment and progress. Expire campaign urgency copy automatically.","Dates match the active offering; historical campaigns cannot claim seats are filling; counts match catalogue definitions; every stage threshold matches the dashboard.","Content + product/frontend","evidence/browser-survey-public.json — landing-desktop, open-desktop; evidence/catalogue-snapshot.json; public/landing.html:426,503-520,624; store.js:31-38"
"19","P2","D-19","Confirmed defect","Challenge review corrections can award the same win twice","Use a unique reward identity per challenge and learner. Reject unsupported review transitions or explicitly reconcile the previous award when an authorized correction changes the result.","Approve/repeat/reject/reapprove cannot create two rewards for one win. Any reversal is visible and auditable; the displayed status agrees with earned gems.","Backend + rewards","evidence/coverage-expansion.json — CHALLENGE-REAWARD; store.js:1644-1657; server.js:1881-1886"
"20","P2","D-20","Confirmed defect","Duplicate hackathon teammates receive duplicate prizes","Resolve teammate identifiers to a unique set of user IDs before validating team size. Enforce one prize per event/place/person and guard legacy duplicate records at finalization.","Repeated username/reg-number aliases create one membership or a clear validation error. Every eligible teammate receives exactly one advertised prize after repeated finalize requests.","Backend + event UI","evidence/coverage-expansion.json — HACKATHON-UNIQUE-MEMBERS; store.js:1710-1718,1773-1777; public/js/dashboard.js:4511-4520"
"21","P2","U-01","Usability concern","Modal keyboard focus escapes into the page","Move focus into the dialog, keep Tab/Shift+Tab inside, make the background inert and restore focus to its trigger.","Opening, using and closing each dialog is possible with keyboard only; no focus reaches obscured controls.","UX + frontend","evidence/browser-workflows.json — A11Y-MODAL; evidence/annotated-signin-focus.png"
"22","P2","U-02","Usability concern","Mobile discovery requires too much scrolling","Prioritize search and relevant categories, use concise cards, preserve filters and add progressive pagination/load more with a result count.","A learner can find a specific free or paid course without traversing the full catalogue; filter state survives return from course detail.","UX + frontend","evidence/open-mobile.png; evidence/browser-survey-public.json"
"23","P2","U-04","Usability concern","Learning terminology and next steps compete","Use a stable hierarchy: Course → Module → Lesson → Task. State the actual completion policy next to progress and identify any final assessment explicitly.","A learner can identify the next required action and all requirements for completion from the curriculum without reconciling contradictory labels.","UX + frontend","evidence/free-curriculum-desktop.png; evidence/paid-task-desktop.png; D-18"
"24","P2","U-05","Usability concern","Integration failures expose developer setup instructions","Show a user-facing unavailable message and recovery action; put configuration diagnostics in authorized system health/logs.","Student-facing errors contain no environment-variable or infrastructure setup instructions and provide a next step.","UX + frontend","evidence/api-checks.json — AI-01-unconfigured,TALENT-01-db-unavailable; evidence/talent-projects-desktop.png"
"25","P2","U-06","Usability concern","Registration has no durable receipt/status destination","Return a reference and a status page with next steps, contact route, resend status and the selected offering. Keep sensitive payment data protected.","After refresh or a missed email, the applicant can recover their registration status without creating another record.","UX + frontend","public/js/open.js:644-651; evidence/api-checks.json — ADMIT-01-duplicate; D-08"
"26","P2","U-07","Usability concern","Mandatory onboarding can obstruct exploration","Explain the immediate purpose; permit sign-out and returning later, and separate required account contact from optional promotional preferences.","A new user can understand the requirement, correct an error, sign out or resume later without being trapped behind an overlay.","UX + frontend","public/js/open.js:273-293; public/js/dashboard.js:266-340"
"27","P2","E-01","Proposed enhancement","Unify public and portal learning destinations","Keep one recognizable account entry, role-aware navigation, and a clear switch between enrolled and free learning.","A learner can explain their current location and reach both learning areas without signing in again.","Product + engineering","U-04; D-04; public/portal survey"
"28","P2","E-02","Proposed enhancement","Provide resumable applicant and learner onboarding","Add an onboarding checklist with saved progress and contextual links to the next action.","A new/empty account has a relevant next action and returns to its unfinished step.","Product + engineering","U-06,U-07; empty-account survey"
"29","P2","E-03","Proposed enhancement","Make submission attempt history visible","Keep a versioned history of code/files, grading status and feedback, with explicit retry and restore actions.","A learner can compare attempts and recover the last successful submission after a failed regrade.","Product + engineering","D-05,D-16"
"30","P2","E-04","Proposed enhancement","Expose service availability as product state","Hide or explain unsupported AI, talent, image sharing and live-class actions using server capability metadata.","A disabled integration never presents an action that leads only to an endless loader or raw setup instruction.","Product + engineering","D-07,D-16,U-05"
"31","P2","E-06","Proposed enhancement","Establish repeatable staging workflow coverage","Provide seeded accounts and sandbox SMTP, AI, PostgreSQL, R2 and video services; promote this matrix into regression coverage for critical paths.","Every release runs access-control, enrollment, submission/recovery, grading and certificate tests in an isolated environment.","Product + engineering","Coverage limitations and blocked workflows"
"32","P3","U-03","Usability concern","Recommendation summaries end mid-word","Use line clamping with an ellipsis, concise editorial summaries and a clear course detail affordance.","No summary ends with an unexplained cut word at desktop or mobile widths; full detail is reachable.","UX + frontend","evidence/dashboard-student.png; evidence/dashboard-student-mobile.png"
"33","P3","U-08","Usability concern","Small secondary links and dense navigation need touch review","Increase the padded hit area of secondary actions, group mobile navigation and keep labels readable.","Primary actions have a 44px design target; small secondary links have adequate spacing/padding and can be selected without adjacent activation in touch tests.","UX + frontend","evidence/browser-survey-public.json — login-mobile, recruiter-signup-mobile, free-courses-mobile"
"34","P3","U-09","Usability concern","Admin status presentation needs clearer operational meaning","Use clear Healthy / Disabled / Test mode / Failed labels, wrap diagnostic text and format separators once.","Statuses and details stay readable at 1440px and 390px; a disabled/test integration is visually distinct from an available delivery service.","UX + frontend","evidence/dashboard-admin.png; evidence/dashboard-admin-mobile.png"
"35","P3","E-05","Proposed enhancement","Add a focused role-based design system","Standardize headings, action placement, empty/error/loading states, dialogs, tables and mobile navigation across the portals.","Equivalent tasks use the same labels, layout and keyboard behavior across roles.","Product + engineering","UI screen review; U-01,U-04,U-08,U-09"