"File","Line","Method","Route","Middleware / handler"
"server.js","68","GET","/__loadtest/rss",", (req, res) => res.json({ rss: process.memoryUsage().rss }));"
"server.js","396","POST","/api/auth/login",", loginThrottle, (req, res) => {"
"server.js","421","POST","/api/auth/logout",", (req, res) => { res.clearCookie(COOKIE); res.json({ ok: true }); });"
"server.js","422","GET","/api/auth/me",", authRequired, (req, res) => {"
"server.js","440","POST","/api/auth/forgot-password",", limitEmailSend, async (req, res) => {"
"server.js","468","POST","/api/auth/reset-password",", (req, res) => {"
"server.js","483","POST","/api/me/password",", authRequired, (req, res) => {"
"server.js","494","POST","/api/me/profile",", authRequired, (req, res) => {"
"server.js","563","GET","/api/overview",", authRequired, (req, res) => {"
"server.js","647","GET","/api/my/courses",", authRequired, (req, res) => {"
"server.js","664","GET","/api/my/recommended",", authRequired, (req, res) => {"
"server.js","682","GET","/api/teacher/students",", authRequired, (req, res) => {"
"server.js","692","GET","/api/teacher/grades",", authRequired, (req, res) => {"
"server.js","702","GET","/api/teacher/attendance",", authRequired, (req, res) => {"
"server.js","717","GET","/api/teacher/analytics",", authRequired, (req, res) => {"
"server.js","738","GET","/api/leaderboard",", authRequired, (req, res) => {"
"server.js","741","GET","/api/batches/:id/leaderboard",", authRequired, viewBatch, (req, res) => {"
"server.js","746","GET","/api/batches/:id",", authRequired, viewBatch, (req, res) => {"
"server.js","783","GET","/api/admin/catalogue",", authRequired, staffView, (req, res) => {"
"server.js","786","POST","/api/admin/courses",", authRequired, adminRequired, (req, res) => {"
"server.js","792","DELETE","/api/admin/courses/:id",", authRequired, adminRequired, (req, res) => { Courses.remove(req.params.id); res.json({ ok: true }); });"
"server.js","793","POST","/api/admin/batches",", authRequired, adminRequired, (req, res) => {"
"server.js","800","DELETE","/api/admin/batches/:id",", authRequired, adminRequired, (req, res) => { Batches.remove(req.params.id); res.json({ ok: true }); });"
"server.js","806","POST","/api/batches/:id/students",", authRequired, adminRequired, async (req, res) => {"
"server.js","835","DELETE","/api/batches/:id/students/:uid",", authRequired, adminRequired, (req, res) => {"
"server.js","842","POST","/api/batches/:id/teachers",", authRequired, canAssignInstructors, (req, res) => {"
"server.js","857","DELETE","/api/batches/:id/teachers/:uid",", authRequired, canAssignInstructors, (req, res) => {"
"server.js","864","GET","/api/admin/users",", authRequired, staffView, (req, res) => {"
"server.js","874","POST","/api/admin/users/:id/password",", authRequired, adminRequired, (req, res) => {"
"server.js","905","POST","/api/admin/coordinators",", authRequired, adminRequired, async (req, res) => {"
"server.js","945","GET","/api/hr/ambassadors",", authRequired, hrOnly, (req, res) => {"
"server.js","948","POST","/api/hr/ambassadors",", authRequired, hrOnly, async (req, res) => {"
"server.js","963","DELETE","/api/hr/ambassadors/:id",", authRequired, hrOnly, (req, res) => {"
"server.js","976","POST","/api/hr/ambassadors/:id/reactivate",", authRequired, hrOnly, (req, res) => {"
"server.js","981","GET","/api/hr/ambassadors/gem-rates",", authRequired, hrOnly, (req, res) => res.json({ rates: Settings.ambassadorGemRates() }));"
"server.js","982","PUT","/api/hr/ambassadors/gem-rates",", authRequired, hrOnly, (req, res) => res.json({ ok: true, rates: Settings.setAmbassadorGemRates(req.body || {}) }));"
"server.js","1000","GET","/api/hr/instructors",", authRequired, hrOnly, (req, res) => {"
"server.js","1003","POST","/api/hr/instructors",", authRequired, hrOnly, async (req, res) => {"
"server.js","1016","PUT","/api/hr/instructors/:userId/tag",", authRequired, hrOnly, (req, res) => {"
"server.js","1026","GET","/api/instructors-lite",", authRequired, (req, res) => {"
"server.js","1030","GET","/api/course-batches-lite",", authRequired, (req, res) => {"
"server.js","1082","GET","/api/ambassador-reports",", authRequired, ambassadorReportsAccess, (req, res) => {"
"server.js","1086","POST","/api/ambassador-reports/generate",", authRequired, ambassadorReportsAccess, async (req, res) => {"
"server.js","1091","GET","/api/ambassador-reports/:id/download",", authRequired, ambassadorReportsAccess, (req, res) => {"
"server.js","1096","POST","/api/ambassador-reports/:id/email",", authRequired, ambassadorReportsAccess, (req, res) => {"
"server.js","1110","GET","/api/ambassador-reports/signoff",", authRequired, ambassadorReportsAccess, (req, res) => res.json({ signoff: Settings.ambassadorReportSignoff(), ceo_name: Settings.cert().ceo_name }));"
"server.js","1111","PUT","/api/ambassador-reports/signoff",", authRequired, hrOnly, (req, res) => res.json({ ok: true, signoff: Settings.setAmbassadorReportSignoff(req.body || {}) }));"
"server.js","1143","GET","/api/hr/departments",", authRequired, hrOnly, (req, res) => {"
"server.js","1151","POST","/api/hr/departments",", authRequired, hrOnly, (req, res) => {"
"server.js","1157","PUT","/api/hr/departments/:id",", authRequired, hrOnly, (req, res) => {"
"server.js","1162","PUT","/api/hr/departments/:id/head",", authRequired, hrOnly, (req, res) => {"
"server.js","1169","DELETE","/api/hr/departments/:id",", authRequired, hrOnly, (req, res) => { Departments.remove(req.params.id); res.json({ ok: true }); });"
"server.js","1172","GET","/api/hr/users-lite",", authRequired, (req, res) => {"
"server.js","1182","GET","/api/department/:id",", authRequired, departmentManage, (req, res) => res.json({ department: departmentDetail(req.department) }));"
"server.js","1183","POST","/api/department/:id/members",", authRequired, departmentManage, (req, res) => {"
"server.js","1189","DELETE","/api/department/:id/members/:userId",", authRequired, departmentManage, (req, res) => {"
"server.js","1194","POST","/api/department/:id/tasks",", authRequired, departmentManage, upload.single('file'), (req, res) => {"
"server.js","1221","POST","/api/department/:id/announcements",", authRequired, departmentManage, (req, res) => {"
"server.js","1231","GET","/api/my-departments",", authRequired, (req, res) => {"
"server.js","1243","POST","/api/my-departments/tasks/:taskId/complete",", authRequired, upload.single('file'), (req, res) => {"
"server.js","1301","POST","/api/me/onboarding",", authRequired, upload.fields(ONBOARDING_DOC_FIELDS), async (req, res) => {"
"server.js","1347","GET","/api/me/contract",", authRequired, (req, res) => {"
"server.js","1351","POST","/api/contract/submit",", authRequired, upload.single('file'), (req, res) => {"
"server.js","1376","GET","/api/hr/contracts",", authRequired, hrOnly, (req, res) => {"
"server.js","1384","POST","/api/hr/contracts/:id/resend",", authRequired, hrOnly, async (req, res) => {"
"server.js","1402","POST","/api/hr/contracts/:id/extend-deadline",", authRequired, hrOnly, (req, res) => {"
"server.js","1420","GET","/api/ambassador/me",", authRequired, ambassadorOnly, (req, res) => {"
"server.js","1426","GET","/api/ambassador/qr",", authRequired, ambassadorOnly, async (req, res) => {"
"server.js","1435","GET","/api/ambassador/referrals",", authRequired, ambassadorOnly, (req, res) => {"
"server.js","1442","GET","/api/ambassador/leaderboard",", authRequired, ambassadorOnly, (req, res) => res.json({ leaderboard: Ambassadors.leaderboard() }));"
"server.js","1443","GET","/api/ambassador/leaderboard/universities",", authRequired, ambassadorOnly, (req, res) => res.json({ leaderboard: Ambassadors.universityLeaderboard() }));"
"server.js","1444","GET","/api/ambassador/reports",", authRequired, ambassadorOnly, (req, res) => {"
"server.js","1449","GET","/api/ambassador/reports/:id/download",", authRequired, ambassadorOnly, (req, res) => {"
"server.js","1456","DELETE","/api/admin/users/:id",", authRequired, adminRequired, (req, res) => {"
"server.js","1462","GET","/api/admin/enrollments",", authRequired, staffView, (req, res) => {"
"server.js","1480","GET","/api/admin/finance",", authRequired, staffView, (req, res) => {"
"server.js","1513","GET","/api/admin/system-health",", authRequired, staffView, (req, res) => {"
"server.js","1544","GET","/api/admin/flush-health",", authRequired, staffView, (req, res) => {"
"server.js","1550","POST","/api/batches/:id/sessions",", authRequired, manageBatch, (req, res) => {"
"server.js","1556","DELETE","/api/sessions/:id",", authRequired, (req, res) => {"
"server.js","1562","POST","/api/batches/:id/lessons",", authRequired, manageBatch, upload.single('file'), (req, res) => {"
"server.js","1570","DELETE","/api/lessons/:id",", authRequired, (req, res) => {"
"server.js","1576","GET","/api/my/resources",", authRequired, (req, res) => {"
"server.js","1590","POST","/api/batches/:id/award",", authRequired, manageBatch, (req, res) => {"
"server.js","1611","GET","/api/batches/:id/chat",", authRequired, viewBatch, (req, res) => {"
"server.js","1619","POST","/api/batches/:id/chat",", authRequired, viewBatch, (req, res) => {"
"server.js","1647","DELETE","/api/chat/:id",", authRequired, (req, res) => {"
"server.js","1656","GET","/api/my/messages",", authRequired, (req, res) => {"
"server.js","1666","POST","/api/batches/:id/chat/read",", authRequired, viewBatch, (req, res) => {"
"server.js","1672","GET","/api/announcements",", authRequired, (req, res) => res.json({ announcements: Announcements.forUser(req.user) }));"
"server.js","1673","POST","/api/batches/:id/announcements",", authRequired, manageBatch, (req, res) => {"
"server.js","1680","POST","/api/admin/announcements",", authRequired, adminRequired, (req, res) => {"
"server.js","1701","GET","/api/public/profile/:reg",", (req, res) => {"
"server.js","1706","GET","/u/:reg",", (req, res) => res.sendFile(path.join(__dirname, 'public', 'profile.html')));"
"server.js","1722","GET","/api/auth/providers",", (req, res) => res.json({ google: !!(G_ID && G_SECRET) }));"
"server.js","1724","GET","/auth/google",", (req, res) => {"
"server.js","1736","GET","/auth/google/callback",", async (req, res) => {"
"server.js","1764","GET","/api/ai/status",", authRequired, (req, res) => res.json({ enabled: ai.enabled() && ['admin', 'instructor'].includes(req.user.role), provider: ai.provider(), model: ai.model() }));"
"server.js","1766","POST","/api/ai/chat",", authRequired, teacherOrAdmin, async (req, res) => {"
"server.js","1774","POST","/api/ai/quiz",", authRequired, teacherOrAdmin, async (req, res) => {"
"server.js","1782","POST","/api/ai/outline",", authRequired, teacherOrAdmin, async (req, res) => {"
"server.js","1796","POST","/api/compiler/ai",", authRequired, async (req, res) => {"
"server.js","1813","POST","/api/compiler/activity-report",", authRequired, async (req, res) => {"
"server.js","1850","GET","/api/challenges",", authRequired, (req, res) => {"
"server.js","1859","POST","/api/challenges/:id/submit",", authRequired, (req, res) => {"
"server.js","1867","POST","/api/admin/challenges",", authRequired, adminRequired, (req, res) => {"
"server.js","1872","POST","/api/admin/challenges/:id/open",", authRequired, adminRequired, (req, res) => {"
"server.js","1877","DELETE","/api/admin/challenges/:id",", authRequired, adminRequired, (req, res) => { Challenges.remove(req.params.id); res.json({ ok: true }); });"
"server.js","1878","GET","/api/admin/challenges/:id/submissions",", authRequired, staffView, (req, res) => {"
"server.js","1881","POST","/api/challenge-submissions/:id/review",", authRequired, adminRequired, (req, res) => {"
"server.js","1890","GET","/api/hackathons",", authRequired, (req, res) => {"
"server.js","1897","GET","/api/hackathons/:id",", authRequired, (req, res) => {"
"server.js","1909","POST","/api/admin/hackathons",", authRequired, adminRequired, (req, res) => {"
"server.js","1914","DELETE","/api/admin/hackathons/:id",", authRequired, adminRequired, (req, res) => { Hackathons.remove(req.params.id); res.json({ ok: true }); });"
"server.js","1915","POST","/api/hackathons/:id/register",", authRequired, (req, res) => {"
"server.js","1929","POST","/api/hackathons/:id/submit",", authRequired, (req, res) => {"
"server.js","1937","POST","/api/admin/hackathon-entries/:id/payment",", authRequired, adminRequired, (req, res) => {"
"server.js","1942","POST","/api/admin/hackathon-submissions/:id/score",", authRequired, adminRequired, (req, res) => {"
"server.js","1949","POST","/api/admin/hackathons/:id/finalize",", authRequired, adminRequired, (req, res) => {"
"server.js","1979","POST","/api/ai/skill-report",", authRequired, teacherOrAdmin, async (req, res) => {"
"server.js","1995","POST","/api/ai/overall-report",", authRequired, teacherOrAdmin, async (req, res) => {"
"server.js","2025","POST","/api/ai-reports/:id/publish",", authRequired, teacherOrAdmin, (req, res) => {"
"server.js","2030","DELETE","/api/ai-reports/:id",", authRequired, teacherOrAdmin, (req, res) => {"
"server.js","2035","GET","/api/batches/:id/reports",", authRequired, viewBatch, staffView, (req, res) => res.json({ reports: AiReports.forBatch(req.batch.id) }));"
"server.js","2036","GET","/api/me/reports",", authRequired, (req, res) => res.json({ reports: AiReports.publishedFor(req.user.id) }));"
"server.js","2037","POST","/api/ai/class-summary",", authRequired, teacherOrAdmin, async (req, res) => {"
"server.js","2054","GET","/api/admin/backup",", authRequired, adminRequired, (req, res) => {"
"server.js","2064","GET","/api/admin/backup.zip",", authRequired, adminRequired, (req, res) => {"
"server.js","2083","GET","/api/tracks",", authRequired, staffView, (req, res) => res.json({ tracks: Quests.tracks() }));"
"server.js","2084","POST","/api/batches/:id/install-track",", authRequired, manageBatch, (req, res) => {"
"server.js","2095","POST","/api/quests/:qid/remind",", authRequired, (req, res) => {"
"server.js","2108","DELETE","/api/batches/:id/track",", authRequired, adminRequired, (req, res) => {"
"server.js","2111","GET","/api/batches/:id/quest",", authRequired, viewBatch, (req, res) => {"
"server.js","2158","GET","/api/my/quests",", authRequired, (req, res) => {"
"server.js","2170","POST","/api/quests/:qid/problems/:pid/submit",", authRequired, upload.single('file'), (req, res) => {"
"server.js","2212","POST","/api/quest-submissions/:id/share-review",", authRequired, (req, res) => {"
"server.js","2223","GET","/api/quests/:qid/submissions",", authRequired, (req, res) => {"
"server.js","2230","POST","/api/quest-submissions/:id/grade",", authRequired, (req, res) => {"
"server.js","2247","POST","/api/ai/quest-grade-draft",", authRequired, teacherOrAdmin, async (req, res) => {"
"server.js","2265","PATCH","/api/quests/:qid/problems/:pid",", authRequired, (req, res) => {"
"server.js","2273","PATCH","/api/quests/:qid",", authRequired, (req, res) => {"
"server.js","2281","POST","/api/quests/:qid/problems",", authRequired, (req, res) => {"
"server.js","2290","DELETE","/api/quests/:qid/problems/:pid",", authRequired, (req, res) => {"
"server.js","2299","GET","/api/quest-submissions/:id",", authRequired, (req, res) => {"
"server.js","2323","POST","/api/quest-submissions/:id/activity-report",", authRequired, async (req, res) => {"
"server.js","2345","POST","/api/ai/review",", authRequired, teacherOrAdmin, async (req, res) => {"
"server.js","2369","POST","/api/admin/catalogue/load-official",", authRequired, adminRequired, (req, res) => {"
"server.js","2380","POST","/api/public/subscribe",", limitLead, (req, res) => {"
"server.js","2388","GET","/api/public/info",", (req, res) => {"
"server.js","2401","GET","/api/public/tracks",", (req, res) => res.json({ tracks: Quests.tracks(), open_levels: OPEN_LEVELS }));"
"server.js","2402","GET","/api/public/tracks/:key",", (req, res) => {"
"server.js","2433","POST","/api/batches/:id/ide",", authRequired, manageBatch, (req, res) => {"
"server.js","2444","POST","/api/me/avatar",", authRequired, upload.single('file'), (req, res) => {"
"server.js","2451","POST","/api/me/signature",", authRequired, teacherOrAdmin, upload.single('file'), (req, res) => {"
"server.js","2461","POST","/api/sessions/:id/start",", authRequired, (req, res) => {"
"server.js","2474","POST","/api/sessions/:id/end",", authRequired, (req, res) => {"
"server.js","2481","POST","/api/sessions/:id/join",", authRequired, (req, res) => {"
"server.js","2497","POST","/api/sessions/:id/heartbeat",", authRequired, (req, res) => {"
"server.js","2503","GET","/api/sessions/:id/attendance",", authRequired, staffView, (req, res) => {"
"server.js","2511","GET","/api/batches/:id/quizzes",", authRequired, viewBatch, (req, res) => {"
"server.js","2538","GET","/api/my/quizzes",", authRequired, (req, res) => {"
"server.js","2554","POST","/api/batches/:id/quizzes",", authRequired, manageBatch, (req, res) => {"
"server.js","2560","POST","/api/batches/:id/quizzes/generate",", authRequired, manageBatch, async (req, res) => {"
"server.js","2575","POST","/api/quizzes/:id/open",", authRequired, manageQuiz, (req, res) => {"
"server.js","2583","POST","/api/quizzes/:id/close",", authRequired, manageQuiz, (req, res) => { Quizzes.close(req.quiz.id); res.json({ ok: true }); });"
"server.js","2584","DELETE","/api/quizzes/:id",", authRequired, manageQuiz, (req, res) => { Quizzes.remove(req.quiz.id); res.json({ ok: true }); });"
"server.js","2585","GET","/api/quizzes/:id/results",", authRequired, staffView, (req, res) => {"
"server.js","2591","POST","/api/quizzes/:id/attempt",", authRequired, (req, res) => {"
"server.js","2602","GET","/api/quests/:qid/problems/:pid/files",", authRequired, (req, res) => {"
"server.js","2609","POST","/api/quests/:qid/problems/:pid/files",", authRequired, upload.single('file'), (req, res) => {"
"server.js","2619","DELETE","/api/task-files/:id",", authRequired, (req, res) => {"
"server.js","2650","POST","/api/ai/integrity",", authRequired, teacherOrAdmin, async (req, res) => {"
"server.js","2700","GET","/api/students/search",", authRequired, staffView, (req, res) => {"
"server.js","2709","GET","/api/students/:id/full",", authRequired, staffView, (req, res) => {"
"server.js","2717","GET","/api/batches/:id/at-risk",", authRequired, viewBatch, staffView, (req, res) => {"
"server.js","2725","GET","/api/admin/cert-settings",", authRequired, teacherOrAdmin, (req, res) => res.json({ settings: Settings.cert() }));"
"server.js","2726","POST","/api/admin/cert-settings",", authRequired, adminRequired, (req, res) => {"
"server.js","2738","GET","/api/admin/partner-settings",", authRequired, teacherOrAdmin, (req, res) => {"
"server.js","2745","POST","/api/admin/partner-settings",", authRequired, adminRequired, (req, res) => {"
"server.js","2752","POST","/api/admin/partner-settings/logo",", authRequired, adminRequired, upload.single('file'), async (req, res) => {"
"server.js","2764","POST","/api/admin/partner-settings/track",", authRequired, adminRequired, (req, res) => {"
"server.js","2770","POST","/api/batches/:id/partner",", authRequired, adminRequired, (req, res) => {"
"server.js","2776","POST","/api/certificates/issue",", authRequired, teacherOrAdmin, (req, res) => {"
"server.js","2809","POST","/api/batches/:id/certificates/issue-all",", authRequired, manageBatch, (req, res) => {"
"server.js","2833","GET","/api/certificates/mine",", authRequired, (req, res) => {"
"server.js","2839","GET","/api/my/open-profile",", authRequired, (req, res) => {"
"server.js","2844","GET","/api/batches/:id/certificates",", authRequired, viewBatch, staffView, (req, res) => {"
"server.js","2847","DELETE","/api/certificates/:serial",", authRequired, adminRequired, (req, res) => {"
"server.js","2855","GET","/api/verify/:serial",", (req, res) => {"
"server.js","2861","GET","/api/verify-challan/:serial",", (req, res) => {"
"server.js","2869","GET","/api/public/cert-image/:name",", (req, res) => {"
"server.js","2887","POST","/api/auth/register-open",", limitSignup, async (req, res) => {"
"server.js","2908","POST","/api/me/contact",", authRequired, (req, res) => {"
"server.js","2943","POST","/api/recruiters/signup",", limitSignup, async (req, res) => {"
"server.js","2991","POST","/api/recruiter/resubmit",", authRequired, (req, res) => {"
"server.js","3011","GET","/api/admin/recruiters",", authRequired, adminRequired, (req, res) => {"
"server.js","3024","POST","/api/admin/recruiters/:id/approve",", authRequired, adminRequired, (req, res) => {"
"server.js","3033","POST","/api/admin/recruiters/:id/reject",", authRequired, adminRequired, (req, res) => {"
"server.js","3044","POST","/api/admin/recruiters/:id/request-info",", authRequired, adminRequired, (req, res) => {"
"server.js","3076","GET","/api/events",", authRequired, (req, res) => {"
"server.js","3091","GET","/api/public/events",", (req, res) => {"
"server.js","3094","GET","/api/events/:id",", authRequired, (req, res) => {"
"server.js","3120","POST","/api/admin/events",", authRequired, adminRequired, (req, res) => {"
"server.js","3130","PATCH","/api/admin/events/:id",", authRequired, adminRequired, (req, res) => {"
"server.js","3135","DELETE","/api/admin/events/:id",", authRequired, adminRequired, (req, res) => { Events.remove(req.params.id); res.json({ ok: true }); });"
"server.js","3137","POST","/api/admin/events/:id/files",", authRequired, adminRequired, upload.single('file'), (req, res) => {"
"server.js","3143","DELETE","/api/admin/events/:id/files/:name",", authRequired, adminRequired, (req, res) => {"
"server.js","3150","POST","/api/events/:id/register",", authRequired, upload.single('file'), (req, res) => {"
"server.js","3176","POST","/api/admin/event-entries/:id/payment",", authRequired, adminRequired, (req, res) => {"
"server.js","3193","POST","/api/events/:id/submit",", authRequired, upload.single('file'), async (req, res) => {"
"server.js","3231","GET","/api/events/:id/comments",", authRequired, (req, res) => {"
"server.js","3236","POST","/api/events/:id/comments",", authRequired, (req, res) => {"
"server.js","3243","DELETE","/api/events/:id/comments/:cid",", authRequired, (req, res) => {"
"server.js","3248","POST","/api/admin/event-submissions/:id/score",", authRequired, adminRequired, (req, res) => {"
"server.js","3263","GET","/api/admin/leads",", authRequired, adminRequired, (req, res) => res.json({ leads: Leads.all() }));"
"server.js","3267","GET","/api/admin/suppressions",", authRequired, adminRequired, (req, res) => res.json({ suppressions: Suppressions.all() }));"
"server.js","3268","DELETE","/api/admin/suppressions/:email",", authRequired, adminRequired, async (req, res) => {"
"server.js","3273","GET","/api/admin/leads.csv",", authRequired, adminRequired, (req, res) => {"
"server.js","3286","POST","/api/admin/leads",", authRequired, adminRequired, (req, res) => {"
"server.js","3326","POST","/api/admin/email-blast",", authRequired, adminRequired, upload.array('files', 5), (req, res) => {"
"server.js","3407","GET","/api/admin/analytics",", authRequired, staffView, (req, res) => {"
"server.js","3440","GET","/api/admin/analytics.csv",", authRequired, staffView, (req, res) => {"
"server.js","3461","GET","/api/admin/analytics.pdf",", authRequired, staffView, async (req, res) => {"
"server.js","3503","GET","/api/fetch-dataset",", authRequired, async (req, res) => {"
"server.js","3561","POST","/api/auth/email-code",", limitEmailSend, async (req, res) => {"
"server.js","3582","GET","/api/public/announcements",", (req, res) => res.json({ announcements: PublicAnnouncements.all() }));"
"server.js","3583","POST","/api/admin/public-announcements",", authRequired, adminRequired, (req, res) => {"
"server.js","3604","PATCH","/api/admin/public-announcements/:id",", authRequired, adminRequired, (req, res) => {"
"server.js","3609","DELETE","/api/admin/public-announcements/:id",", authRequired, adminRequired, (req, res) => { PublicAnnouncements.remove(req.params.id); res.json({ ok: true }); });"
"server.js","3617","GET","/api/jobs",", authRequired, (req, res) => {"
"server.js","3620","GET","/api/jobs/:id",", authRequired, (req, res) => {"
"server.js","3625","POST","/api/admin/jobs",", authRequired, adminRequired, (req, res) => {"
"server.js","3633","PATCH","/api/admin/jobs/:id",", authRequired, adminRequired, (req, res) => {"
"server.js","3640","DELETE","/api/admin/jobs/:id",", authRequired, adminRequired, (req, res) => {"
"server.js","3644","POST","/api/jobs/:id/comments",", authRequired, (req, res) => {"
"server.js","3652","DELETE","/api/jobs/comments/:id",", authRequired, (req, res) => {"
"server.js","3660","POST","/api/public/register-interest",", limitLead, async (req, res) => {"
"server.js","3690","GET","/api/admin/registrations",", authRequired, staffView, (req, res) => res.json({ registrations: Registrations.all(), pending: Registrations.pendingCount() }));"
"server.js","3691","PATCH","/api/admin/registrations/:id",", authRequired, adminRequired, (req, res) => {"
"server.js","3696","DELETE","/api/admin/registrations/:id",", authRequired, adminRequired, (req, res) => { Registrations.remove(req.params.id); res.json({ ok: true }); });"
"server.js","3705","POST","/api/public/feedback",", limitFeedback, (req, res) => {"
"server.js","3717","GET","/api/public/feedback",", (req, res) => {"
"server.js","3720","GET","/api/admin/feedback",", authRequired, adminRequired, (req, res) => res.json({ feedback: Feedback.all() }));"
"server.js","3721","POST","/api/admin/feedback/:id/approve",", authRequired, adminRequired, (req, res) => {"
"server.js","3726","POST","/api/admin/feedback/:id/reject",", authRequired, adminRequired, (req, res) => {"
"server.js","3734","POST","/api/admin/feedback/:id/reply",", authRequired, adminRequired, (req, res) => {"
"server.js","3745","DELETE","/api/admin/feedback/:id",", authRequired, adminRequired, (req, res) => {"
"server.js","3757","GET","/api/admissions/discount-categories",", authRequired, admissionsOnly, (req, res) => res.json({ categories: DiscountCategories.all() }));"
"server.js","3758","POST","/api/admissions/discount-categories",", authRequired, admissionsOnly, (req, res) => {"
"server.js","3763","PATCH","/api/admissions/discount-categories/:id",", authRequired, admissionsOnly, (req, res) => {"
"server.js","3768","DELETE","/api/admissions/discount-categories/:id",", authRequired, admissionsOnly, (req, res) => { DiscountCategories.remove(req.params.id); res.json({ ok: true }); });"
"server.js","3770","GET","/api/admissions/bank-details",", authRequired, admissionsOnly, (req, res) => res.json({ bank: Settings.bank() }));"
"server.js","3771","POST","/api/admissions/bank-details",", authRequired, admissionsOnly, (req, res) => res.json({ ok: true, bank: Settings.setBank(req.body || {}) }));"
"server.js","3773","POST","/api/admissions/registrations/:id/challan",", authRequired, admissionsOnly, (req, res) => {"
"server.js","3780","POST","/api/admissions/challans/:serial/send",", authRequired, admissionsOnly, async (req, res) => {"
"server.js","3800","GET","/api/admissions/challans/:serial/pdf",", authRequired, admissionsOnly, async (req, res) => {"
"server.js","3819","GET","/api/finance/registrations",", authRequired, financeOnly, (req, res) => {"
"server.js","3823","POST","/api/finance/registrations/:id/clear",", authRequired, financeOnly, (req, res) => {"
"server.js","3838","GET","/api/finance/expenses",", authRequired, financeOnly, (req, res) => res.json({ expenses: Expenses.all() }));"
"server.js","3839","POST","/api/finance/expenses",", authRequired, financeOnly, (req, res) => {"
"server.js","3844","DELETE","/api/finance/expenses/:id",", authRequired, financeOnly, (req, res) => { Expenses.remove(req.params.id); res.json({ ok: true }); });"
"server.js","3845","GET","/api/finance/balance-sheet",", authRequired, financeOnly, (req, res) => res.json(Expenses.balanceSheet()));"
"server.js","3898","POST","/api/admissions/registrations",", authRequired, admissionsOnly, async (req, res) => {"
"server.js","3928","GET","/api/admissions/registrations",", authRequired, admissionsOnly, (req, res) => {"
"server.js","3938","POST","/api/admissions/registrations/:id/enroll",", authRequired, admissionsOnly, async (req, res) => {"
"server.js","3949","GET","/api/coordinator/queries",", authRequired, studentCoordinatorOnly, (req, res) => res.json({ queries: CoordinatorQueries.all() }));"
"server.js","3950","POST","/api/coordinator/queries/:id/reply",", authRequired, studentCoordinatorOnly, (req, res) => {"
"server.js","3957","PATCH","/api/coordinator/queries/:id",", authRequired, studentCoordinatorOnly, (req, res) => {"
"server.js","3964","GET","/api/my/queries",", authRequired, (req, res) => {"
"server.js","3968","POST","/api/my/queries",", authRequired, (req, res) => {"
"server.js","3975","POST","/api/my/queries/:id/reply",", authRequired, (req, res) => {"
"server.js","3988","GET","/api/hr/groups",", authRequired, hrOnly, (req, res) => res.json({ groups: StaffGroups.all() }));"
"server.js","3989","POST","/api/hr/groups",", authRequired, hrOnly, (req, res) => {"
"server.js","3994","PATCH","/api/hr/groups/:id",", authRequired, hrOnly, (req, res) => {"
"server.js","3999","DELETE","/api/hr/groups/:id",", authRequired, hrOnly, (req, res) => { StaffGroups.remove(req.params.id); res.json({ ok: true }); });"
"server.js","4001","GET","/api/hr/staff",", authRequired, hrOnly, (req, res) => res.json({ staff: StaffRecords.all() }));"
"server.js","4002","POST","/api/hr/staff",", authRequired, hrOnly, async (req, res) => {"
"server.js","4017","PATCH","/api/hr/staff/:id",", authRequired, hrOnly, (req, res) => {"
"server.js","4022","DELETE","/api/hr/staff/:id",", authRequired, hrOnly, (req, res) => {"
"server.js","4030","POST","/api/hr/staff/:id/instructions",", authRequired, hrOnly, (req, res) => {"
"server.js","4037","POST","/api/hr/staff/:id/follow-ups",", authRequired, hrOnly, (req, res) => {"
"server.js","4046","GET","/api/staff/me",", authRequired, staffOnly, (req, res) => {"
"server.js","4051","POST","/api/staff/follow-ups/:idx/respond",", authRequired, staffOnly, (req, res) => {"
"server.js","4075","POST","/api/open/submit",", authRequired, upload.fields([{ name: 'file', maxCount: 1 }, { name: 'files', maxCount: 8 }]), async (req, res) => {"
"server.js","4131","GET","/api/open/progress",", authRequired, (req, res) => {"
"server.js","4145","POST","/api/open/ai",", authRequired, async (req, res) => {"
"server.js","4156","POST","/api/open/excel-extract",", authRequired, upload.single('file'), async (req, res) => {"
"server.js","4233","GET","/sitemap.xml",", async (req, res) => {"
"server.js","4254","USE","/uploads",", authGate, express.static(UPLOAD_DIR));"
"server.js","4256","GET","/",", (req, res) => res.sendFile(path.join(__dirname, 'public', 'landing.html')));"
"server.js","4300","GET","/open",", (req, res) => {"
"server.js","4308","GET","/compiler",", (req, res) => res.sendFile(path.join(__dirname, 'public', 'compiler.html')));"
"server.js","4313","GET","/login",", (req, res) => res.sendFile(path.join(__dirname, 'public', 'login.html')));"
"server.js","4314","GET","/reset-password",", (req, res) => res.sendFile(path.join(__dirname, 'public', 'reset-password.html')));"
"server.js","4315","GET","/recruiter-signup",", (req, res) => res.sendFile(path.join(__dirname, 'public', 'recruiter-signup.html')));"
"server.js","4316","GET","/privacy",", (req, res) => res.sendFile(path.join(__dirname, 'public', 'privacy.html')));"
"server.js","4317","GET","/dashboard",", (req, res) => res.sendFile(path.join(__dirname, 'public', 'dashboard.html')));"
"server.js","4325","GET","/admin/recruiters",", (req, res) => res.sendFile(path.join(__dirname, 'public', 'dashboard.html')));"
"server.js","4326","GET","/grade",", (req, res) => res.sendFile(path.join(__dirname, 'public', 'grade.html')));"
"server.js","4352","GET","/cert",", certPageWithOg);"
"server.js","4353","GET","/verify",", certPageWithOg);"
"server.js","4356","GET","/api/cert-og/:serial.png",", async (req, res) => {"
"server.js","4369","GET","/challan",", (req, res) => res.sendFile(path.join(__dirname, 'public', 'challan.html')));"
"coursepages.js","387","GET","/courses",", (req, res) => {"
"coursepages.js","390","GET","/courses/:slug",", (req, res) => {"
"talent.js","321","USE","/talent-media",", express.static(PROJECTS_DIR));"
"talent.js","351","GET","/api/talent/me",", authRequired, requireDb, requireStudent, async (req, res) => {"
"talent.js","369","PUT","/api/talent/me",", authRequired, requireDb, requireStudent, async (req, res) => {"
"talent.js","418","POST","/api/talent/me/handle",", authRequired, requireDb, requireStudent, async (req, res) => {"
"talent.js","429","POST","/api/talent/me/publish",", authRequired, requireDb, requireStudent, async (req, res) => {"
"talent.js","439","POST","/api/talent/me/unpublish",", authRequired, requireDb, requireStudent, async (req, res) => {"
"talent.js","445","POST","/api/talent/me/resume",", authRequired, requireDb, requireStudent, resumeUpload.single('file'), async (req, res) => {"
"talent.js","459","GET","/api/talent/me/resume",", authRequired, requireDb, requireStudent, async (req, res) => {"
"talent.js","466","GET","/api/talent/skills",", authRequired, requireDb, async (req, res) => {"
"talent.js","472","POST","/api/talent/me/skills",", authRequired, requireDb, requireStudent, async (req, res) => {"
"talent.js","494","DELETE","/api/talent/me/skills/:skillId",", authRequired, requireDb, requireStudent, async (req, res) => {"
"talent.js","500","GET","/api/talent/me/portfolio-eligible",", authRequired, requireDb, requireStudent, async (req, res) => {"
"talent.js","506","POST","/api/talent/me/projects/from-submission",", authRequired, requireDb, requireStudent, async (req, res) => {"
"talent.js","525","GET","/api/talent/me/projects",", authRequired, requireDb, requireStudent, async (req, res) => {"
"talent.js","529","POST","/api/talent/me/projects",", authRequired, requireDb, requireStudent, async (req, res) => {"
"talent.js","544","PUT","/api/talent/me/projects/:id",", authRequired, requireDb, requireStudent, async (req, res) => {"
"talent.js","570","DELETE","/api/talent/me/projects/:id",", authRequired, requireDb, requireStudent, async (req, res) => {"
"talent.js","577","POST","/api/talent/me/projects/:id/cover",", authRequired, requireDb, requireStudent, imageUpload.single('file'), async (req, res) => {"
"talent.js","586","POST","/api/talent/me/projects/:id/gallery",", authRequired, requireDb, requireStudent, imageUpload.single('file'), async (req, res) => {"
"talent.js","597","DELETE","/api/talent/me/projects/:id/gallery/:index",", authRequired, requireDb, requireStudent, async (req, res) => {"
"talent.js","609","GET","/api/talent/search",", authRequired, requireDb, requireRecruiter, searchRateLimit, async (req, res) => {"
"talent.js","640","GET","/api/talent/saved-searches",", authRequired, requireDb, requireRecruiter, async (req, res) => {"
"talent.js","644","POST","/api/talent/saved-searches",", authRequired, requireDb, requireRecruiter, async (req, res) => {"
"talent.js","653","DELETE","/api/talent/saved-searches/:id",", authRequired, requireDb, requireRecruiter, async (req, res) => {"
"talent.js","661","GET","/api/talent/projects",", requireDb, async (req, res) => {"
"talent.js","675","GET","/api/talent/profile/:handle",", requireDb, async (req, res) => {"
"talent.js","694","GET","/api/talent/profile/:handle/projects/:projectId",", requireDb, async (req, res) => {"
"talent.js","705","GET","/talent/search",", (req, res) => res.sendFile(path.join(__dirname, 'public', 'talent-search.html')));"
"talent.js","706","GET","/talent/projects",", (req, res) => res.sendFile(path.join(__dirname, 'public', 'talent-projects.html')));"
"talent.js","712","GET","/talent/:handle/projects/:projectId",", async (req, res) => {"
"talent.js","747","GET","/talent/:handle",", async (req, res) => {"
"talent-hiring.js","75","POST","/api/talent/profile/:handle/contact-request",", authRequired, requireDb, requireRecruiter, contactRateLimit, async (req, res) => {"
"talent-hiring.js","111","GET","/api/talent/recruiter/contact-requests",", authRequired, requireDb, requireRecruiter, async (req, res) => {"
"talent-hiring.js","121","GET","/api/talent/recruiter/contact-requests/:id",", authRequired, requireDb, requireRecruiter, async (req, res) => {"
"talent-hiring.js","134","GET","/api/talent/recruiter/contact-requests/:id/resume",", authRequired, requireDb, requireRecruiter, async (req, res) => {"
"talent-hiring.js","143","GET","/api/talent/me/contact-requests",", authRequired, requireDb, requireStudent, async (req, res) => {"
"talent-hiring.js","153","POST","/api/talent/me/contact-requests/:id/accept",", authRequired, requireDb, requireStudent, async (req, res) => {"
"talent-hiring.js","163","POST","/api/talent/me/contact-requests/:id/decline",", authRequired, requireDb, requireStudent, async (req, res) => {"
"talent-hiring.js","170","POST","/api/talent/me/block-company",", authRequired, requireDb, requireStudent, async (req, res) => {"
"talent-hiring.js","188","GET","/api/talent/me/blocked-companies",", authRequired, requireDb, requireStudent, async (req, res) => {"
"talent-hiring.js","192","DELETE","/api/talent/me/blocked-companies/:companyId",", authRequired, requireDb, requireStudent, async (req, res) => {"
"talent-hiring.js","198","GET","/api/talent/contact-requests/:id/messages",", authRequired, requireDb, async (req, res) => {"
"talent-hiring.js","205","POST","/api/talent/contact-requests/:id/messages",", authRequired, requireDb, async (req, res) => {"
"talent-hiring.js","220","GET","/api/talent/shortlists",", authRequired, requireDb, requireRecruiter, async (req, res) => {"
"talent-hiring.js","240","POST","/api/talent/shortlists",", authRequired, requireDb, requireRecruiter, async (req, res) => {"
"talent-hiring.js","246","DELETE","/api/talent/shortlists/:id",", authRequired, requireDb, requireRecruiter, async (req, res) => {"
"talent-hiring.js","255","POST","/api/talent/shortlists/:id/candidates",", authRequired, requireDb, requireRecruiter, async (req, res) => {"
"talent-hiring.js","266","DELETE","/api/talent/shortlists/:id/candidates/:studentId",", authRequired, requireDb, requireRecruiter, async (req, res) => {"
"talent-hiring.js","275","GET","/api/talent/shortlists/:id/export.csv",", authRequired, requireDb, requireRecruiter, async (req, res) => {"
"talent-hiring.js","292","POST","/api/talent/reports",", authRequired, requireDb, async (req, res) => {"
"talent-hiring.js","299","GET","/api/admin/talent/reports",", authRequired, adminRequired, requireDb, async (req, res) => {"
"talent-hiring.js","304","POST","/api/admin/talent/reports/:id/resolve",", authRequired, adminRequired, requireDb, async (req, res) => {"
"talent-hiring.js","308","POST","/api/admin/talent/reports/:id/dismiss",", authRequired, adminRequired, requireDb, async (req, res) => {"
"talent-hiring.js","314","POST","/api/admin/talent/profiles/:userId/unpublish",", authRequired, adminRequired, requireDb, async (req, res) => {"
"talent-hiring.js","324","POST","/api/admin/talent/projects/:id/unpublish",", authRequired, adminRequired, requireDb, async (req, res) => {"
"talent-hiring.js","336","GET","/api/admin/talent/analytics",", authRequired, adminRequired, requireDb, async (req, res) => {"
"talent-hiring.js","360","GET","/talent/interest",", (req, res) => res.sendFile(path.join(__dirname, 'public', 'talent-interest.html')));"
"showcase.js","69","GET","/showcase",", (req, res) => res.sendFile(path.join(__dirname, 'public', 'showcase.html')));"
"showcase.js","87","GET","/showcase/p/:id",", (req, res) => {"
"showcase.js","132","GET","/api/showcase/feed",", authRequired, (req, res) => {"
"showcase.js","136","GET","/api/showcase/posts/:id",", authRequired, (req, res) => {"
"showcase.js","143","POST","/api/showcase/posts",", authRequired, limitCreatePost, upload.array('images', r2.MAX_IMAGES_PER_POST), async (req, res) => {"
"showcase.js","181","DELETE","/api/showcase/posts/:id",", authRequired, limitDeletePost, (req, res) => {"
"showcase.js","190","DELETE","/api/showcase/comments/:id",", authRequired, limitDeletePost, (req, res) => {"
"showcase.js","204","POST","/api/showcase/posts/:id/like",", authRequired, limitLike, (req, res) => {"
"showcase.js","209","DELETE","/api/showcase/posts/:id/like",", authRequired, limitLike, (req, res) => {"
"showcase.js","216","POST","/api/showcase/posts/:id/comments",", authRequired, limitComment, (req, res) => {"
"showcase.js","224","POST","/api/showcase/report",", authRequired, limitReport, (req, res) => {"
"showcase.js","232","GET","/api/showcase/moderation/queue",", authRequired, teacherOrAdmin, (req, res) => {"
"showcase.js","235","POST","/api/showcase/moderation/:id/action",", authRequired, teacherOrAdmin, limitModeration, (req, res) => {"
"showcase.js","244","USE","/api/showcase",", router);"